NUM_THREADS,BASE_DEPTH,MINIMUM_TASK_COUNT,RUN_NUMBER,RUNTIME
1,75,2000,1,1.058596
1,75,2200,1,0.801813
1,75,2400,1,0.576352
1,75,2600,1,0.366290
1,75,2800,1,4.131766
1,75,3000,1,4.128567
1,75,3200,1,4.126483
1,75,3400,1,4.125838
1,75,3600,1,4.129604
1,75,3800,1,4.127335
1,75,4000,1,4.126959
1,75,4200,1,4.126353
1,75,4400,1,4.126740
1,75,4600,1,4.126188
1,75,4800,1,4.126991
1,75,5000,1,4.127780
1,81,2000,1,1.059311
1,81,2200,1,0.801795
1,81,2400,1,0.576179
1,81,2600,1,0.367234
1,81,2800,1,2.897059
1,81,3000,1,2.766395
1,81,3200,1,2.628473
1,81,3400,1,2.490327
1,81,3600,1,2.344764
1,81,3800,1,2.205066
1,81,4000,1,1.754628
1,81,4200,1,1.263687
1,81,4400,1,1.128145
1,81,4600,1,0.997016
1,81,4800,1,0.856662
1,81,5000,1,0.714547
1,87,2000,1,1.058651
1,87,2200,1,0.801793
1,87,2400,1,0.575880
1,87,2600,1,0.366335
1,87,2800,1,2.902646
1,87,3000,1,2.765290
1,87,3200,1,2.628975
1,87,3400,1,2.492712
1,87,3600,1,2.343754
1,87,3800,1,2.200826
1,87,4000,1,1.753984
1,87,4200,1,1.263869
1,87,4400,1,1.126810
1,87,4600,1,0.998689
1,87,4800,1,0.858352
1,87,5000,1,0.714369
1,93,2000,1,1.059419
1,93,2200,1,0.801645
1,93,2400,1,0.576196
1,93,2600,1,0.365744
1,93,2800,1,2.898382
1,93,3000,1,2.765250
1,93,3200,1,2.629418
1,93,3400,1,2.490428
1,93,3600,1,2.345595
1,93,3800,1,2.202503
1,93,4000,1,1.753751
1,93,4200,1,1.262745
1,93,4400,1,1.126803
1,93,4600,1,1.000710
1,93,4800,1,0.861617
1,93,5000,1,0.717584
1,99,2000,1,1.062678
1,99,2200,1,0.805347
1,99,2400,1,0.578960
1,99,2600,1,0.367675
1,99,2800,1,2.901149
1,99,3000,1,2.765905
1,99,3200,1,2.655034
1,99,3400,1,2.489269
1,99,3600,1,2.343075
1,99,3800,1,2.209822
1,99,4000,1,1.754372
1,99,4200,1,1.264128
1,99,4400,1,1.126250
1,99,4600,1,0.998139
1,99,4800,1,0.858662
1,99,5000,1,0.714303
1,105,2000,1,1.058279
1,105,2200,1,0.802339
1,105,2400,1,0.576203
1,105,2600,1,0.366223
1,105,2800,1,2.916768
1,105,3000,1,2.766587
1,105,3200,1,2.635833
1,105,3400,1,2.496421
1,105,3600,1,2.347246
1,105,3800,1,2.208144
1,105,4000,1,1.753548
1,105,4200,1,1.263537
1,105,4400,1,1.129609
1,105,4600,1,0.996726
1,105,4800,1,0.857703
1,105,5000,1,0.713649
1,111,2000,1,1.059710
1,111,2200,1,0.803580
1,111,2400,1,0.576146
1,111,2600,1,0.365702
1,111,2800,1,2.896612
1,111,3000,1,2.767044
1,111,3200,1,2.628105
1,111,3400,1,2.494112
1,111,3600,1,2.342357
1,111,3800,1,2.205808
1,111,4000,1,1.756218
1,111,4200,1,1.262267
1,111,4400,1,1.126540
1,111,4600,1,0.996431
1,111,4800,1,0.861040
1,111,5000,1,0.714242
1,117,2000,1,1.057851
1,117,2200,1,0.801400
1,117,2400,1,0.576229
1,117,2600,1,0.366102
1,117,2800,1,2.898775
1,117,3000,1,2.768419
1,117,3200,1,2.631075
1,117,3400,1,2.491705
1,117,3600,1,2.347183
1,117,3800,1,2.207015
1,117,4000,1,1.753122
1,117,4200,1,1.263778
1,117,4400,1,1.133180
1,117,4600,1,0.995950
1,117,4800,1,0.857232
1,117,5000,1,0.714321
1,123,2000,1,1.058420
1,123,2200,1,0.801387
1,123,2400,1,0.579041
1,123,2600,1,0.366242
1,123,2800,1,2.896848
1,123,3000,1,2.767249
1,123,3200,1,2.627422
1,123,3400,1,2.493878
1,123,3600,1,2.342484
1,123,3800,1,2.201826
1,123,4000,1,1.752778
1,123,4200,1,1.263111
1,123,4400,1,1.126843
1,123,4600,1,0.997649
1,123,4800,1,0.856831
1,123,5000,1,0.713855
1,129,2000,1,1.058502
1,129,2200,1,0.801026
1,129,2400,1,0.575546
1,129,2600,1,0.366211
1,129,2800,1,2.904820
1,129,3000,1,2.766754
1,129,3200,1,2.642177
1,129,3400,1,2.492162
1,129,3600,1,2.350864
1,129,3800,1,2.200856
1,129,4000,1,1.756631
1,129,4200,1,1.274339
1,129,4400,1,1.126981
1,129,4600,1,0.998686
1,129,4800,1,0.856712
1,129,5000,1,0.714169
1,135,2000,1,1.058599
1,135,2200,1,0.801152
1,135,2400,1,0.576231
1,135,2600,1,0.365919
1,135,2800,1,2.897407
1,135,3000,1,2.767524
1,135,3200,1,2.629073
1,135,3400,1,2.492091
1,135,3600,1,2.342709
1,135,3800,1,2.202300
1,135,4000,1,1.754657
1,135,4200,1,1.262878
1,135,4400,1,1.135606
1,135,4600,1,0.996911
1,135,4800,1,0.856683
1,135,5000,1,0.713656
1,141,2000,1,1.058284
1,141,2200,1,0.801384
1,141,2400,1,0.577337
1,141,2600,1,0.366220
1,141,2800,1,2.896487
1,141,3000,1,2.769852
1,141,3200,1,2.628708
1,141,3400,1,2.503794
1,141,3600,1,2.374346
1,141,3800,1,2.205197
1,141,4000,1,1.753505
1,141,4200,1,1.262309
1,141,4400,1,1.133939
1,141,4600,1,0.998914
1,141,4800,1,0.857465
1,141,5000,1,0.713690
1,147,2000,1,1.058421
1,147,2200,1,0.800979
1,147,2400,1,0.575890
1,147,2600,1,0.367541
1,147,2800,1,2.911865
1,147,3000,1,2.764661
1,147,3200,1,2.631409
1,147,3400,1,2.489953
1,147,3600,1,2.343504
1,147,3800,1,2.201120
1,147,4000,1,1.754774
1,147,4200,1,1.264668
1,147,4400,1,1.126585
1,147,4600,1,0.995958
1,147,4800,1,0.857070
1,147,5000,1,0.716133
1,153,2000,1,1.075219
1,153,2200,1,0.807892
1,153,2400,1,0.583330
1,153,2600,1,0.367547
1,153,2800,1,2.908532
1,153,3000,1,2.764739
1,153,3200,1,2.634032
1,153,3400,1,2.489968
1,153,3600,1,2.348700
1,153,3800,1,2.204179
1,153,4000,1,1.752828
1,153,4200,1,1.262375
1,153,4400,1,1.130397
1,153,4600,1,0.997518
1,153,4800,1,0.857163
1,153,5000,1,0.713349
1,159,2000,1,1.057927
1,159,2200,1,0.801170
1,159,2400,1,0.575681
1,159,2600,1,0.366772
1,159,2800,1,2.898559
1,159,3000,1,2.770589
1,159,3200,1,2.631186
1,159,3400,1,2.490251
1,159,3600,1,2.347669
1,159,3800,1,2.200396
1,159,4000,1,1.755096
1,159,4200,1,1.263196
1,159,4400,1,1.126378
1,159,4600,1,0.996719
1,159,4800,1,0.857016
1,159,5000,1,0.715337
1,165,2000,1,1.065722
1,165,2200,1,0.801099
1,165,2400,1,0.576056
1,165,2600,1,0.366154
1,165,2800,1,2.895697
1,165,3000,1,2.772358
1,165,3200,1,2.628145
1,165,3400,1,2.501950
1,165,3600,1,2.344235
1,165,3800,1,2.201404
1,165,4000,1,1.753635
1,165,4200,1,1.263143
1,165,4400,1,1.126284
1,165,4600,1,0.998734
1,165,4800,1,0.857024
1,165,5000,1,0.713260
1,171,2000,1,1.057732
1,171,2200,1,0.800823
1,171,2400,1,0.575590
1,171,2600,1,0.365261
1,171,2800,1,2.896724
1,171,3000,1,2.765772
1,171,3200,1,2.628223
1,171,3400,1,2.493522
1,171,3600,1,2.342542
1,171,3800,1,2.200828
1,171,4000,1,1.754284
1,171,4200,1,1.263042
1,171,4400,1,1.126242
1,171,4600,1,0.995699
1,171,4800,1,0.857365
1,171,5000,1,0.712885
1,177,2000,1,1.057757
1,177,2200,1,0.801229
1,177,2400,1,0.575823
1,177,2600,1,0.365895
1,177,2800,1,2.896241
1,177,3000,1,2.764537
1,177,3200,1,2.633780
1,177,3400,1,2.490226
1,177,3600,1,2.345651
1,177,3800,1,2.200644
1,177,4000,1,1.753513
1,177,4200,1,1.264903
1,177,4400,1,1.126340
1,177,4600,1,0.996294
1,177,4800,1,0.856678
1,177,5000,1,0.713772
1,183,2000,1,1.062520
1,183,2200,1,0.803887
1,183,2400,1,0.575724
1,183,2600,1,0.365458
1,183,2800,1,2.895327
1,183,3000,1,2.783417
1,183,3200,1,2.627718
1,183,3400,1,2.490798
1,183,3600,1,2.343024
1,183,3800,1,2.200878
1,183,4000,1,1.760773
1,183,4200,1,1.262860
1,183,4400,1,1.127100
1,183,4600,1,0.995876
1,183,4800,1,0.857370
1,183,5000,1,0.716001
1,189,2000,1,1.058390
1,189,2200,1,0.801156
1,189,2400,1,0.576097
1,189,2600,1,0.365915
1,189,2800,1,2.900353
1,189,3000,1,2.783545
1,189,3200,1,2.628238
1,189,3400,1,2.501549
1,189,3600,1,2.341482
1,189,3800,1,2.205631
1,189,4000,1,1.759584
1,189,4200,1,1.263039
1,189,4400,1,1.126534
1,189,4600,1,0.996534
1,189,4800,1,0.857543
1,189,5000,1,0.714200
1,195,2000,1,1.057970
1,195,2200,1,0.801146
1,195,2400,1,0.575729
1,195,2600,1,0.365600
1,195,2800,1,2.895970
1,195,3000,1,2.764100
1,195,3200,1,2.628180
1,195,3400,1,2.489851
1,195,3600,1,2.343009
1,195,3800,1,2.200498
1,195,4000,1,1.755358
1,195,4200,1,1.262807
1,195,4400,1,1.127114
1,195,4600,1,0.996872
1,195,4800,1,0.858785
1,195,5000,1,0.714080
2,75,2000,1,1.935815
2,75,2200,1,0.414641
2,75,2400,1,1.885627
2,75,2600,1,1.707861
2,75,2800,1,2.024372
2,75,3000,1,2.099500
2,75,3200,1,0.699025
2,75,3400,1,1.537347
2,75,3600,1,1.989536
2,75,3800,1,0.709602
2,75,4000,1,1.918345
2,75,4200,1,1.792163
2,75,4400,1,1.843112
2,75,4600,1,2.007375
2,75,4800,1,1.901976
2,75,5000,1,1.743230
2,81,2000,1,1.512266
2,81,2200,1,1.203884
2,81,2400,1,1.124930
2,81,2600,1,0.299306
2,81,2800,1,0.388769
2,81,3000,1,0.779403
2,81,3200,1,0.409535
2,81,3400,1,1.058970
2,81,3600,1,0.343621
2,81,3800,1,0.796065
2,81,4000,1,0.304117
2,81,4200,1,0.390009
2,81,4400,1,0.209593
2,81,4600,1,1.784067
2,81,4800,1,0.136546
2,81,5000,1,2.042558
2,87,2000,1,1.155751
2,87,2200,1,0.415858
2,87,2400,1,1.496471
2,87,2600,1,0.874015
2,87,2800,1,0.670835
2,87,3000,1,1.304307
2,87,3200,1,2.080134
2,87,3400,1,0.527810
2,87,3600,1,1.957413
2,87,3800,1,0.312719
2,87,4000,1,1.683063
2,87,4200,1,1.464513
2,87,4400,1,1.505818
2,87,4600,1,1.975711
2,87,4800,1,0.352988
2,87,5000,1,1.939626
2,93,2000,1,1.639544
2,93,2200,1,1.226640
2,93,2400,1,0.758391
2,93,2600,1,0.854436
2,93,2800,1,1.254585
2,93,3000,1,1.791047
2,93,3200,1,0.491336
2,93,3400,1,1.212419
2,93,3600,1,0.259392
2,93,3800,1,0.753334
2,93,4000,1,1.709357
2,93,4200,1,2.055286
2,93,4400,1,0.449193
2,93,4600,1,0.445379
2,93,4800,1,0.123285
2,93,5000,1,0.233618
2,99,2000,1,1.859850
2,99,2200,1,0.759749
2,99,2400,1,1.396804
2,99,2600,1,1.429420
2,99,2800,1,1.803732
2,99,3000,1,1.061344
2,99,3200,1,0.327590
2,99,3400,1,0.493708
2,99,3600,1,1.053540
2,99,3800,1,0.960318
2,99,4000,1,1.030774
2,99,4200,1,1.776399
2,99,4400,1,2.105748
2,99,4600,1,2.065328
2,99,4800,1,1.909623
2,99,5000,1,0.410881
2,105,2000,1,1.982887
2,105,2200,1,1.194810
2,105,2400,1,0.772976
2,105,2600,1,1.337804
2,105,2800,1,1.997134
2,105,3000,1,1.104550
2,105,3200,1,0.733356
2,105,3400,1,0.299600
2,105,3600,1,0.309750
2,105,3800,1,0.875779
2,105,4000,1,1.714825
2,105,4200,1,1.874914
2,105,4400,1,1.403901
2,105,4600,1,1.997925
2,105,4800,1,1.871898
2,105,5000,1,0.168824
2,111,2000,1,1.878004
2,111,2200,1,0.756114
2,111,2400,1,1.991039
2,111,2600,1,1.159622
2,111,2800,1,1.719433
2,111,3000,1,0.516995
2,111,3200,1,1.905512
2,111,3400,1,0.587327
2,111,3600,1,0.265337
2,111,3800,1,0.285019
2,111,4000,1,0.846441
2,111,4200,1,0.622607
2,111,4400,1,2.018268
2,111,4600,1,1.305948
2,111,4800,1,0.578240
2,111,5000,1,0.373326
2,117,2000,1,1.289767
2,117,2200,1,0.851747
2,117,2400,1,0.386374
2,117,2600,1,1.691807
2,117,2800,1,0.124619
2,117,3000,1,0.954182
2,117,3200,1,0.393551
2,117,3400,1,1.053069
2,117,3600,1,0.614807
2,117,3800,1,0.583807
2,117,4000,1,0.435524
2,117,4200,1,0.593203
2,117,4400,1,0.308986
2,117,4600,1,0.430735
2,117,4800,1,0.714495
2,117,5000,1,1.256055
2,123,2000,1,1.981643
2,123,2200,1,0.348716
2,123,2400,1,1.857663
2,123,2600,1,0.521090
2,123,2800,1,0.168329
2,123,3000,1,0.732041
2,123,3200,1,0.966585
2,123,3400,1,0.895680
2,123,3600,1,0.528122
2,123,3800,1,0.893417
2,123,4000,1,1.940536
2,123,4200,1,1.838865
2,123,4400,1,0.617298
2,123,4600,1,2.014843
2,123,4800,1,0.343240
2,123,5000,1,1.924664
2,129,2000,1,0.142174
2,129,2200,1,1.149645
2,129,2400,1,1.604149
2,129,2600,1,0.923036
2,129,2800,1,0.693889
2,129,3000,1,0.721925
2,129,3200,1,0.367933
2,129,3400,1,0.324028
2,129,3600,1,1.669846
2,129,3800,1,0.258712
2,129,4000,1,1.940285
2,129,4200,1,1.951157
2,129,4400,1,0.620373
2,129,4600,1,1.768386
2,129,4800,1,0.742484
2,129,5000,1,1.679596
2,135,2000,1,1.210353
2,135,2200,1,1.556315
2,135,2400,1,0.226803
2,135,2600,1,0.958651
2,135,2800,1,1.201203
2,135,3000,1,0.734604
2,135,3200,1,1.059335
2,135,3400,1,0.451219
2,135,3600,1,1.961377
2,135,3800,1,1.972564
2,135,4000,1,1.674989
2,135,4200,1,2.075551
2,135,4400,1,0.932167
2,135,4600,1,0.806983
2,135,4800,1,0.425674
2,135,5000,1,0.207488
2,141,2000,1,0.391133
2,141,2200,1,1.330448
2,141,2400,1,1.130756
2,141,2600,1,2.027104
2,141,2800,1,1.036387
2,141,3000,1,1.231932
2,141,3200,1,0.983312
2,141,3400,1,0.999393
2,141,3600,1,1.083159
2,141,3800,1,1.616705
2,141,4000,1,0.644250
2,141,4200,1,0.251525
2,141,4400,1,1.950713
2,141,4600,1,1.458629
2,141,4800,1,0.950937
2,141,5000,1,1.733915
2,147,2000,1,1.072005
2,147,2200,1,1.905852
2,147,2400,1,0.996967
2,147,2600,1,0.624509
2,147,2800,1,0.982498
2,147,3000,1,1.176950
2,147,3200,1,0.889935
2,147,3400,1,1.119683
2,147,3600,1,0.540956
2,147,3800,1,0.251190
2,147,4000,1,0.752414
2,147,4200,1,0.545804
2,147,4400,1,0.818023
2,147,4600,1,0.245103
2,147,4800,1,1.600147
2,147,5000,1,0.510208
2,153,2000,1,0.546856
2,153,2200,1,0.558729
2,153,2400,1,1.602650
2,153,2600,1,1.455453
2,153,2800,1,1.241109
2,153,3000,1,0.435033
2,153,3200,1,0.112928
2,153,3400,1,1.243979
2,153,3600,1,1.878673
2,153,3800,1,0.126524
2,153,4000,1,0.472978
2,153,4200,1,1.987705
2,153,4400,1,0.341068
2,153,4600,1,1.918027
2,153,4800,1,0.978388
2,153,5000,1,1.760750
2,159,2000,1,1.186874
2,159,2200,1,0.409432
2,159,2400,1,1.275872
2,159,2600,1,1.844898
2,159,2800,1,1.626314
2,159,3000,1,1.557241
2,159,3200,1,1.056644
2,159,3400,1,0.804624
2,159,3600,1,1.609498
2,159,3800,1,0.607973
2,159,4000,1,1.321733
2,159,4200,1,2.055153
2,159,4400,1,0.809453
2,159,4600,1,1.574576
2,159,4800,1,1.702856
2,159,5000,1,0.476153
2,165,2000,1,1.426443
2,165,2200,1,1.178230
2,165,2400,1,0.209536
2,165,2600,1,1.980347
2,165,2800,1,1.115121
2,165,3000,1,0.906272
2,165,3200,1,0.750682
2,165,3400,1,1.868727
2,165,3600,1,0.772641
2,165,3800,1,0.908761
2,165,4000,1,1.478712
2,165,4200,1,1.949206
2,165,4400,1,1.661160
2,165,4600,1,1.506588
2,165,4800,1,2.059632
2,165,5000,1,1.944904
2,171,2000,1,0.242413
2,171,2200,1,1.721595
2,171,2400,1,1.898927
2,171,2600,1,1.567760
2,171,2800,1,1.964257
2,171,3000,1,1.014468
2,171,3200,1,0.343326
2,171,3400,1,0.158393
2,171,3600,1,0.689761
2,171,3800,1,1.514794
2,171,4000,1,1.453412
2,171,4200,1,0.124009
2,171,4400,1,1.781142
2,171,4600,1,0.232463
2,171,4800,1,1.589225
2,171,5000,1,1.812340
2,177,2000,1,1.188085
2,177,2200,1,1.358513
2,177,2400,1,1.135930
2,177,2600,1,1.009105
2,177,2800,1,0.664079
2,177,3000,1,1.721789
2,177,3200,1,1.340948
2,177,3400,1,1.958716
2,177,3600,1,0.388399
2,177,3800,1,0.250716
2,177,4000,1,1.989076
2,177,4200,1,1.157670
2,177,4400,1,0.402688
2,177,4600,1,0.163625
2,177,4800,1,1.544108
2,177,5000,1,1.429012
2,183,2000,1,0.481068
2,183,2200,1,1.001839
2,183,2400,1,0.334081
2,183,2600,1,1.271767
2,183,2800,1,1.859527
2,183,3000,1,1.341895
2,183,3200,1,1.943288
2,183,3400,1,0.099429
2,183,3600,1,1.126702
2,183,3800,1,0.494404
2,183,4000,1,2.005964
2,183,4200,1,0.601851
2,183,4400,1,1.531181
2,183,4600,1,0.328910
2,183,4800,1,1.834072
2,183,5000,1,1.853331
2,189,2000,1,1.157560
2,189,2200,1,0.440789
2,189,2400,1,1.080896
2,189,2600,1,1.765016
2,189,2800,1,1.028635
2,189,3000,1,0.894300
2,189,3200,1,1.075248
2,189,3400,1,1.075829
2,189,3600,1,0.841066
2,189,3800,1,0.303414
2,189,4000,1,0.444741
2,189,4200,1,1.655705
2,189,4400,1,2.118869
2,189,4600,1,1.950927
2,189,4800,1,1.981366
2,189,5000,1,0.108232
2,195,2000,1,1.085544
2,195,2200,1,0.289581
2,195,2400,1,1.600992
2,195,2600,1,1.918701
2,195,2800,1,1.198220
2,195,3000,1,0.510991
2,195,3200,1,1.624752
2,195,3400,1,0.225084
2,195,3600,1,0.786250
2,195,3800,1,1.947638
2,195,4000,1,0.441216
2,195,4200,1,1.681750
2,195,4400,1,0.448376
2,195,4600,1,0.337036
2,195,4800,1,1.455028
2,195,5000,1,1.240434
4,75,2000,1,0.418690
4,75,2200,1,0.556982
4,75,2400,1,0.869293
4,75,2600,1,0.413082
4,75,2800,1,1.027852
4,75,3000,1,1.087438
4,75,3200,1,0.317210
4,75,3400,1,0.891136
4,75,3600,1,0.733229
4,75,3800,1,1.089986
4,75,4000,1,0.234572
4,75,4200,1,0.674662
4,75,4400,1,1.097139
4,75,4600,1,0.873598
4,75,4800,1,0.842043
4,75,5000,1,0.887313
4,81,2000,1,0.588063
4,81,2200,1,0.526594
4,81,2400,1,0.811176
4,81,2600,1,0.569381
4,81,2800,1,0.361792
4,81,3000,1,0.327747
4,81,3200,1,0.800525
4,81,3400,1,0.907461
4,81,3600,1,0.470721
4,81,3800,1,0.639300
4,81,4000,1,0.456760
4,81,4200,1,0.324586
4,81,4400,1,0.324443
4,81,4600,1,0.607301
4,81,4800,1,0.881684
4,81,5000,1,0.208657
4,87,2000,1,0.477758
4,87,2200,1,0.761144
4,87,2400,1,0.499743
4,87,2600,1,0.660140
4,87,2800,1,0.219954
4,87,3000,1,0.983304
4,87,3200,1,0.128592
4,87,3400,1,1.006670
4,87,3600,1,0.317984
4,87,3800,1,0.279309
4,87,4000,1,0.320798
4,87,4200,1,0.113719
4,87,4400,1,0.111171
4,87,4600,1,0.853280
4,87,4800,1,0.994690
4,87,5000,1,0.706097
4,93,2000,1,0.423332
4,93,2200,1,0.660747
4,93,2400,1,0.639400
4,93,2600,1,0.248271
4,93,2800,1,0.836299
4,93,3000,1,1.064845
4,93,3200,1,0.393462
4,93,3400,1,0.137724
4,93,3600,1,0.215516
4,93,3800,1,0.442881
4,93,4000,1,0.371938
4,93,4200,1,0.179972
4,93,4400,1,0.469119
4,93,4600,1,0.920980
4,93,4800,1,0.796244
4,93,5000,1,0.697573
4,99,2000,1,0.859223
4,99,2200,1,0.479239
4,99,2400,1,0.791927
4,99,2600,1,0.894513
4,99,2800,1,0.266536
4,99,3000,1,0.411130
4,99,3200,1,0.698008
4,99,3400,1,0.464932
4,99,3600,1,1.038308
4,99,3800,1,0.313908
4,99,4000,1,0.332281
4,99,4200,1,0.878949
4,99,4400,1,0.118214
4,99,4600,1,0.914635
4,99,4800,1,0.359746
4,99,5000,1,0.667643
4,105,2000,1,0.531867
4,105,2200,1,0.515572
4,105,2400,1,0.375876
4,105,2600,1,0.354671
4,105,2800,1,0.319997
4,105,3000,1,0.654771
4,105,3200,1,0.423771
4,105,3400,1,0.247349
4,105,3600,1,0.429119
4,105,3800,1,0.213062
4,105,4000,1,0.356206
4,105,4200,1,0.936677
4,105,4400,1,0.222802
4,105,4600,1,0.742319
4,105,4800,1,1.225579
4,105,5000,1,0.292400
4,111,2000,1,0.805728
4,111,2200,1,0.477201
4,111,2400,1,0.180322
4,111,2600,1,0.654285
4,111,2800,1,1.009672
4,111,3000,1,0.768395
4,111,3200,1,0.436171
4,111,3400,1,0.919484
4,111,3600,1,0.681952
4,111,3800,1,0.974384
4,111,4000,1,1.063374
4,111,4200,1,0.345540
4,111,4400,1,0.610537
4,111,4600,1,0.977219
4,111,4800,1,0.274008
4,111,5000,1,0.256392
4,117,2000,1,0.620392
4,117,2200,1,0.509714
4,117,2400,1,0.478975
4,117,2600,1,0.368393
4,117,2800,1,1.030262
4,117,3000,1,1.012388
4,117,3200,1,0.348572
4,117,3400,1,0.398280
4,117,3600,1,0.193704
4,117,3800,1,0.641740
4,117,4000,1,0.384967
4,117,4200,1,1.012972
4,117,4400,1,0.565776
4,117,4600,1,0.368219
4,117,4800,1,0.907483
4,117,5000,1,0.967268
4,123,2000,1,0.823835
4,123,2200,1,1.011523
4,123,2400,1,0.871746
4,123,2600,1,0.159426
4,123,2800,1,0.888922
4,123,3000,1,0.318317
4,123,3200,1,0.563663
4,123,3400,1,0.477768
4,123,3600,1,0.265190
4,123,3800,1,0.325610
4,123,4000,1,0.250190
4,123,4200,1,0.348395
4,123,4400,1,0.744410
4,123,4600,1,0.863952
4,123,4800,1,0.265524
4,123,5000,1,0.976560
4,129,2000,1,1.060663
4,129,2200,1,0.795973
4,129,2400,1,0.218724
4,129,2600,1,0.465512
4,129,2800,1,0.563899
4,129,3000,1,0.254377
4,129,3200,1,0.537065
4,129,3400,1,0.911986
4,129,3600,1,1.065869
4,129,3800,1,1.053148
4,129,4000,1,0.990968
4,129,4200,1,0.712388
4,129,4400,1,0.111813
4,129,4600,1,0.752167
4,129,4800,1,0.214956
4,129,5000,1,0.189555
4,135,2000,1,0.573993
4,135,2200,1,0.565116
4,135,2400,1,0.756280
4,135,2600,1,0.723148
4,135,2800,1,0.195018
4,135,3000,1,0.623123
4,135,3200,1,1.085636
4,135,3400,1,0.220126
4,135,3600,1,0.705963
4,135,3800,1,1.044487
4,135,4000,1,0.994880
4,135,4200,1,0.341682
4,135,4400,1,0.938078
4,135,4600,1,0.638802
4,135,4800,1,0.860393
4,135,5000,1,0.882155
4,141,2000,1,0.842378
4,141,2200,1,0.636059
4,141,2400,1,0.863837
4,141,2600,1,0.317901
4,141,2800,1,0.425765
4,141,3000,1,0.779986
4,141,3200,1,1.165568
4,141,3400,1,0.373431
4,141,3600,1,0.294815
4,141,3800,1,1.002778
4,141,4000,1,0.252377
4,141,4200,1,0.441659
4,141,4400,1,0.814517
4,141,4600,1,0.847339
4,141,4800,1,0.530335
4,141,5000,1,0.690838
4,147,2000,1,0.964561
4,147,2200,1,0.477074
4,147,2400,1,0.172873
4,147,2600,1,0.841517
4,147,2800,1,0.689876
4,147,3000,1,0.501555
4,147,3200,1,0.544708
4,147,3400,1,0.891672
4,147,3600,1,0.289278
4,147,3800,1,0.630008
4,147,4000,1,0.592176
4,147,4200,1,0.207394
4,147,4400,1,0.081810
4,147,4600,1,0.255303
4,147,4800,1,0.858801
4,147,5000,1,0.356807
4,153,2000,1,1.190792
4,153,2200,1,1.044191
4,153,2400,1,0.799300
4,153,2600,1,0.989582
4,153,2800,1,1.060626
4,153,3000,1,0.337391
4,153,3200,1,0.663913
4,153,3400,1,0.141194
4,153,3600,1,0.266958
4,153,3800,1,0.423056
4,153,4000,1,0.688332
4,153,4200,1,0.191181
4,153,4400,1,0.440711
4,153,4600,1,0.908241
4,153,4800,1,0.533982
4,153,5000,1,0.138724
4,159,2000,1,1.190085
4,159,2200,1,0.499704
4,159,2400,1,0.851139
4,159,2600,1,0.218823
4,159,2800,1,0.416402
4,159,3000,1,0.118677
4,159,3200,1,0.098934
4,159,3400,1,0.838844
4,159,3600,1,0.341484
4,159,3800,1,0.645543
4,159,4000,1,0.697688
4,159,4200,1,0.685007
4,159,4400,1,0.239099
4,159,4600,1,0.222672
4,159,4800,1,1.053516
4,159,5000,1,0.393035
4,165,2000,1,0.288517
4,165,2200,1,0.476930
4,165,2400,1,0.926078
4,165,2600,1,0.528436
4,165,2800,1,0.693724
4,165,3000,1,0.310116
4,165,3200,1,0.927000
4,165,3400,1,0.320674
4,165,3600,1,0.162282
4,165,3800,1,0.399258
4,165,4000,1,0.351969
4,165,4200,1,0.250388
4,165,4400,1,0.676201
4,165,4600,1,1.066494
4,165,4800,1,0.329658
4,165,5000,1,0.390915
4,171,2000,1,0.355846
4,171,2200,1,0.164323
4,171,2400,1,0.342994
4,171,2600,1,0.540029
4,171,2800,1,0.525805
4,171,3000,1,0.147484
4,171,3200,1,1.246215
4,171,3400,1,0.397846
4,171,3600,1,0.250614
4,171,3800,1,0.258045
4,171,4000,1,0.369593
4,171,4200,1,0.660422
4,171,4400,1,0.539191
4,171,4600,1,0.321412
4,171,4800,1,0.756192
4,171,5000,1,0.710249
4,177,2000,1,1.186157
4,177,2200,1,0.350521
4,177,2400,1,0.245830
4,177,2600,1,0.876348
4,177,2800,1,0.638082
4,177,3000,1,0.322170
4,177,3200,1,0.757949
4,177,3400,1,0.123451
4,177,3600,1,0.245388
4,177,3800,1,1.050449
4,177,4000,1,0.403632
4,177,4200,1,0.708620
4,177,4400,1,0.194902
4,177,4600,1,0.761876
4,177,4800,1,0.371028
4,177,5000,1,0.715613
4,183,2000,1,0.810612
4,183,2200,1,0.348502
4,183,2400,1,0.673120
4,183,2600,1,1.097185
4,183,2800,1,0.259347
4,183,3000,1,1.028477
4,183,3200,1,1.059435
4,183,3400,1,0.492994
4,183,3600,1,1.138929
4,183,3800,1,0.728866
4,183,4000,1,0.251420
4,183,4200,1,0.208002
4,183,4400,1,1.037952
4,183,4600,1,0.381849
4,183,4800,1,0.446126
4,183,5000,1,0.191318
4,189,2000,1,0.970952
4,189,2200,1,0.918599
4,189,2400,1,0.452274
4,189,2600,1,0.427724
4,189,2800,1,0.281902
4,189,3000,1,0.946218
4,189,3200,1,0.311982
4,189,3400,1,0.336901
4,189,3600,1,0.305803
4,189,3800,1,0.232482
4,189,4000,1,0.316822
4,189,4200,1,0.301117
4,189,4400,1,1.137919
4,189,4600,1,0.279718
4,189,4800,1,0.852822
4,189,5000,1,0.889017
4,195,2000,1,0.475929
4,195,2200,1,0.475879
4,195,2400,1,0.675442
4,195,2600,1,1.225532
4,195,2800,1,0.488264
4,195,3000,1,0.395506
4,195,3200,1,0.460774
4,195,3400,1,0.220676
4,195,3600,1,0.751282
4,195,3800,1,0.387983
4,195,4000,1,0.148624
4,195,4200,1,0.744413
4,195,4400,1,0.406631
4,195,4600,1,1.203133
4,195,4800,1,0.325254
4,195,5000,1,0.896832
8,75,2000,1,0.674500
8,75,2200,1,0.338093
8,75,2400,1,0.602315
8,75,2600,1,0.563454
8,75,2800,1,0.522871
8,75,3000,1,0.206351
8,75,3200,1,0.299740
8,75,3400,1,0.768859
8,75,3600,1,0.565777
8,75,3800,1,0.485083
8,75,4000,1,0.633343
8,75,4200,1,0.574729
8,75,4400,1,0.643801
8,75,4600,1,0.332240
8,75,4800,1,0.681056
8,75,5000,1,0.456720
8,81,2000,1,0.421742
8,81,2200,1,0.703500
8,81,2400,1,0.226075
8,81,2600,1,0.515111
8,81,2800,1,0.365420
8,81,3000,1,0.400783
8,81,3200,1,0.628154
8,81,3400,1,0.336487
8,81,3600,1,0.315090
8,81,3800,1,0.180138
8,81,4000,1,0.218839
8,81,4200,1,0.096466
8,81,4400,1,0.455383
8,81,4600,1,0.216519
8,81,4800,1,0.353203
8,81,5000,1,0.576424
8,87,2000,1,0.145875
8,87,2200,1,0.537619
8,87,2400,1,0.107282
8,87,2600,1,0.186898
8,87,2800,1,0.167379
8,87,3000,1,0.230123
8,87,3200,1,0.310812
8,87,3400,1,0.169902
8,87,3600,1,0.673825
8,87,3800,1,0.308289
8,87,4000,1,0.157272
8,87,4200,1,0.454772
8,87,4400,1,0.249877
8,87,4600,1,0.278258
8,87,4800,1,0.456351
8,87,5000,1,0.480754
8,93,2000,1,0.356327
8,93,2200,1,0.599308
8,93,2400,1,0.198730
8,93,2600,1,0.237206
8,93,2800,1,0.319333
8,93,3000,1,0.532024
8,93,3200,1,0.141299
8,93,3400,1,0.350742
8,93,3600,1,0.512182
8,93,3800,1,0.262869
8,93,4000,1,0.706153
8,93,4200,1,0.518929
8,93,4400,1,0.099520
8,93,4600,1,0.591185
8,93,4800,1,0.141156
8,93,5000,1,0.548500
8,99,2000,1,0.752505
8,99,2200,1,0.611978
8,99,2400,1,0.291306
8,99,2600,1,0.207880
8,99,2800,1,0.562689
8,99,3000,1,0.162630
8,99,3200,1,0.229609
8,99,3400,1,0.241096
8,99,3600,1,0.377584
8,99,3800,1,0.375752
8,99,4000,1,0.252379
8,99,4200,1,0.332930
8,99,4400,1,0.588320
8,99,4600,1,0.284959
8,99,4800,1,0.617427
8,99,5000,1,0.288663
8,105,2000,1,1.272075
8,105,2200,1,0.322705
8,105,2400,1,0.341637
8,105,2600,1,0.715786
8,105,2800,1,0.579302
8,105,3000,1,0.540051
8,105,3200,1,0.327247
8,105,3400,1,0.352843
8,105,3600,1,0.633229
8,105,3800,1,0.351055
8,105,4000,1,0.288183
8,105,4200,1,0.280351
8,105,4400,1,0.511810
8,105,4600,1,0.337134
8,105,4800,1,0.531703
8,105,5000,1,0.395323
8,111,2000,1,0.642047
8,111,2200,1,0.213693
8,111,2400,1,0.365135
8,111,2600,1,0.604585
8,111,2800,1,0.487447
8,111,3000,1,0.196828
8,111,3200,1,0.312686
8,111,3400,1,0.369913
8,111,3600,1,0.162201
8,111,3800,1,0.154825
8,111,4000,1,0.125686
8,111,4200,1,0.638755
8,111,4400,1,0.209280
8,111,4600,1,0.581266
8,111,4800,1,0.530863
8,111,5000,1,0.643520
8,117,2000,1,0.586507
8,117,2200,1,0.427323
8,117,2400,1,0.354483
8,117,2600,1,0.254450
8,117,2800,1,0.643077
8,117,3000,1,0.483713
8,117,3200,1,0.392424
8,117,3400,1,0.402029
8,117,3600,1,0.595219
8,117,3800,1,0.391647
8,117,4000,1,0.285674
8,117,4200,1,0.541583
8,117,4400,1,0.868828
8,117,4600,1,0.719738
8,117,4800,1,0.357886
8,117,5000,1,0.638846
8,123,2000,1,0.484279
8,123,2200,1,0.520919
8,123,2400,1,0.138938
8,123,2600,1,0.479786
8,123,2800,1,0.188950
8,123,3000,1,0.453476
8,123,3200,1,0.257734
8,123,3400,1,0.684567
8,123,3600,1,0.598803
8,123,3800,1,0.208831
8,123,4000,1,0.599196
8,123,4200,1,0.240561
8,123,4400,1,0.520678
8,123,4600,1,0.640684
8,123,4800,1,0.589345
8,123,5000,1,0.607813
8,129,2000,1,0.692751
8,129,2200,1,0.464646
8,129,2400,1,0.489065
8,129,2600,1,0.387664
8,129,2800,1,0.164102
8,129,3000,1,0.625671
8,129,3200,1,0.211648
8,129,3400,1,0.180114
8,129,3600,1,0.295540
8,129,3800,1,0.574683
8,129,4000,1,0.625060
8,129,4200,1,0.753861
8,129,4400,1,0.334012
8,129,4600,1,0.253021
8,129,4800,1,0.621583
8,129,5000,1,0.314508
8,135,2000,1,1.188815
8,135,2200,1,0.435714
8,135,2400,1,0.480536
8,135,2600,1,0.317978
8,135,2800,1,0.257786
8,135,3000,1,0.528504
8,135,3200,1,0.534167
8,135,3400,1,0.499812
8,135,3600,1,0.726684
8,135,3800,1,0.376194
8,135,4000,1,0.142821
8,135,4200,1,0.515807
8,135,4400,1,0.257903
8,135,4600,1,0.258441
8,135,4800,1,0.565536
8,135,5000,1,0.657756
8,141,2000,1,0.587657
8,141,2200,1,0.500034
8,141,2400,1,0.436708
8,141,2600,1,0.169226
8,141,2800,1,0.203363
8,141,3000,1,0.482177
8,141,3200,1,0.543397
8,141,3400,1,0.669598
8,141,3600,1,0.224034
8,141,3800,1,0.224896
8,141,4000,1,0.098288
8,141,4200,1,0.555138
8,141,4400,1,0.086532
8,141,4600,1,0.591414
8,141,4800,1,0.238490
8,141,5000,1,0.201530
8,147,2000,1,1.227839
8,147,2200,1,1.191813
8,147,2400,1,0.372338
8,147,2600,1,0.244889
8,147,2800,1,0.214719
8,147,3000,1,0.583315
8,147,3200,1,0.528115
8,147,3400,1,0.433632
8,147,3600,1,0.103258
8,147,3800,1,0.668088
8,147,4000,1,0.178444
8,147,4200,1,0.372288
8,147,4400,1,0.138549
8,147,4600,1,0.341626
8,147,4800,1,0.211802
8,147,5000,1,0.723155
8,153,2000,1,0.532362
8,153,2200,1,0.485019
8,153,2400,1,0.479311
8,153,2600,1,0.219321
8,153,2800,1,0.223411
8,153,3000,1,0.093778
8,153,3200,1,0.325431
8,153,3400,1,0.118471
8,153,3600,1,0.506167
8,153,3800,1,0.492737
8,153,4000,1,0.692357
8,153,4200,1,0.508297
8,153,4400,1,0.452041
8,153,4600,1,0.551244
8,153,4800,1,0.240194
8,153,5000,1,0.410955
8,159,2000,1,0.569634
8,159,2200,1,0.311841
8,159,2400,1,0.616188
8,159,2600,1,0.230140
8,159,2800,1,0.243727
8,159,3000,1,0.098709
8,159,3200,1,0.248336
8,159,3400,1,0.491129
8,159,3600,1,0.221473
8,159,3800,1,0.173411
8,159,4000,1,0.499150
8,159,4200,1,0.677773
8,159,4400,1,0.270570
8,159,4600,1,0.333394
8,159,4800,1,0.624016
8,159,5000,1,0.208014
8,165,2000,1,1.192139
8,165,2200,1,0.187342
8,165,2400,1,0.411568
8,165,2600,1,0.634945
8,165,2800,1,0.186457
8,165,3000,1,0.113718
8,165,3200,1,0.259280
8,165,3400,1,0.124809
8,165,3600,1,0.217281
8,165,3800,1,0.386020
8,165,4000,1,0.496964
8,165,4200,1,0.476722
8,165,4400,1,0.211964
8,165,4600,1,0.194299
8,165,4800,1,0.586261
8,165,5000,1,0.298445
8,171,2000,1,1.246741
8,171,2200,1,1.193265
8,171,2400,1,0.394828
8,171,2600,1,0.384730
8,171,2800,1,0.230840
8,171,3000,1,0.470137
8,171,3200,1,0.361531
8,171,3400,1,0.516302
8,171,3600,1,0.572087
8,171,3800,1,0.581160
8,171,4000,1,0.539260
8,171,4200,1,0.363371
8,171,4400,1,0.172912
8,171,4600,1,0.531642
8,171,4800,1,0.554680
8,171,5000,1,0.310882
8,177,2000,1,0.239384
8,177,2200,1,0.134921
8,177,2400,1,0.591652
8,177,2600,1,0.373838
8,177,2800,1,0.589250
8,177,3000,1,0.248504
8,177,3200,1,0.511251
8,177,3400,1,0.511562
8,177,3600,1,0.183291
8,177,3800,1,0.506080
8,177,4000,1,0.580478
8,177,4200,1,0.279178
8,177,4400,1,0.324370
8,177,4600,1,0.437987
8,177,4800,1,0.690765
8,177,5000,1,0.569807
8,183,2000,1,0.561170
8,183,2200,1,0.477070
8,183,2400,1,0.342863
8,183,2600,1,0.651274
8,183,2800,1,0.441800
8,183,3000,1,0.333991
8,183,3200,1,0.225673
8,183,3400,1,0.465357
8,183,3600,1,0.425383
8,183,3800,1,0.561122
8,183,4000,1,0.157247
8,183,4200,1,0.575462
8,183,4400,1,0.477393
8,183,4600,1,0.690572
8,183,4800,1,0.651007
8,183,5000,1,0.641918
8,189,2000,1,0.656284
8,189,2200,1,0.212899
8,189,2400,1,0.268991
8,189,2600,1,0.469599
8,189,2800,1,0.423981
8,189,3000,1,0.447775
8,189,3200,1,0.219484
8,189,3400,1,0.539861
8,189,3600,1,0.285305
8,189,3800,1,0.632057
8,189,4000,1,0.521937
8,189,4200,1,0.306684
8,189,4400,1,0.455510
8,189,4600,1,0.584527
8,189,4800,1,0.213176
8,189,5000,1,0.540245
8,195,2000,1,0.697946
8,195,2200,1,0.184912
8,195,2400,1,0.845699
8,195,2600,1,0.543348
8,195,2800,1,0.550295
8,195,3000,1,0.761260
8,195,3200,1,0.516392
8,195,3400,1,0.133346
8,195,3600,1,0.248727
8,195,3800,1,0.156814
8,195,4000,1,0.536774
8,195,4200,1,0.331830
8,195,4400,1,0.282167
8,195,4600,1,0.716957
8,195,4800,1,0.623907
8,195,5000,1,0.361488
16,75,2000,1,0.397691
16,75,2200,1,0.481707
16,75,2400,1,0.388802
16,75,2600,1,0.199588
16,75,2800,1,0.254387
16,75,3000,1,0.430112
16,75,3200,1,0.195369
16,75,3400,1,0.255017
16,75,3600,1,0.329026
16,75,3800,1,0.317168
16,75,4000,1,0.468875
16,75,4200,1,0.399568
16,75,4400,1,0.246810
16,75,4600,1,0.256244
16,75,4800,1,0.232505
16,75,5000,1,0.364138
16,81,2000,1,0.757826
16,81,2200,1,0.465846
16,81,2400,1,0.451930
16,81,2600,1,0.302269
16,81,2800,1,0.511618
16,81,3000,1,0.283941
16,81,3200,1,0.295224
16,81,3400,1,0.102337
16,81,3600,1,0.155048
16,81,3800,1,0.468948
16,81,4000,1,0.575124
16,81,4200,1,0.300229
16,81,4400,1,0.556411
16,81,4600,1,0.201738
16,81,4800,1,0.152839
16,81,5000,1,0.368474
16,87,2000,1,0.754250
16,87,2200,1,0.560526
16,87,2400,1,0.360358
16,87,2600,1,0.161680
16,87,2800,1,0.195772
16,87,3000,1,0.316678
16,87,3200,1,0.154534
16,87,3400,1,0.243460
16,87,3600,1,0.516267
16,87,3800,1,0.377630
16,87,4000,1,0.339491
16,87,4200,1,0.523488
16,87,4400,1,0.211134
16,87,4600,1,0.492292
16,87,4800,1,0.471373
16,87,5000,1,0.214342
16,93,2000,1,0.478538
16,93,2200,1,0.360816
16,93,2400,1,0.526957
16,93,2600,1,0.459408
16,93,2800,1,0.448771
16,93,3000,1,0.201380
16,93,3200,1,0.235260
16,93,3400,1,0.277250
16,93,3600,1,0.091536
16,93,3800,1,0.206406
16,93,4000,1,0.460012
16,93,4200,1,0.201204
16,93,4400,1,0.383329
16,93,4600,1,0.213891
16,93,4800,1,0.233642
16,93,5000,1,0.243888
16,99,2000,1,0.527284
16,99,2200,1,1.223327
16,99,2400,1,0.239939
16,99,2600,1,0.550244
16,99,2800,1,0.456331
16,99,3000,1,0.283310
16,99,3200,1,0.135408
16,99,3400,1,0.574657
16,99,3600,1,0.308417
16,99,3800,1,0.230395
16,99,4000,1,0.622329
16,99,4200,1,0.508524
16,99,4400,1,0.210385
16,99,4600,1,0.353311
16,99,4800,1,0.267372
16,99,5000,1,0.368408
16,105,2000,1,0.465721
16,105,2200,1,0.266277
16,105,2400,1,0.569250
16,105,2600,1,0.322390
16,105,2800,1,0.317619
16,105,3000,1,0.282339
16,105,3200,1,0.464761
16,105,3400,1,0.348833
16,105,3600,1,0.460211
16,105,3800,1,0.493055
16,105,4000,1,0.323831
16,105,4200,1,0.101317
16,105,4400,1,0.490369
16,105,4600,1,0.253418
16,105,4800,1,0.461266
16,105,5000,1,0.246533
16,111,2000,1,0.229333
16,111,2200,1,0.265267
16,111,2400,1,0.243759
16,111,2600,1,0.287971
16,111,2800,1,0.194021
16,111,3000,1,0.476487
16,111,3200,1,0.250931
16,111,3400,1,0.564178
16,111,3600,1,0.185288
16,111,3800,1,0.378584
16,111,4000,1,0.263736
16,111,4200,1,0.232912
16,111,4400,1,0.243183
16,111,4600,1,0.212641
16,111,4800,1,0.268739
16,111,5000,1,0.383152
16,117,2000,1,0.503556
16,117,2200,1,1.229801
16,117,2400,1,0.548220
16,117,2600,1,0.403595
16,117,2800,1,0.335143
16,117,3000,1,0.532836
16,117,3200,1,0.190873
16,117,3400,1,0.253509
16,117,3600,1,0.619515
16,117,3800,1,0.398797
16,117,4000,1,0.399422
16,117,4200,1,0.506545
16,117,4400,1,0.517828
16,117,4600,1,0.111540
16,117,4800,1,0.204007
16,117,5000,1,0.263970
16,123,2000,1,0.385147
16,123,2200,1,0.214086
16,123,2400,1,0.311045
16,123,2600,1,0.196768
16,123,2800,1,0.485116
16,123,3000,1,0.312682
16,123,3200,1,0.540660
16,123,3400,1,0.468569
16,123,3600,1,0.452429
16,123,3800,1,0.232551
16,123,4000,1,0.522046
16,123,4200,1,0.206048
16,123,4400,1,0.254492
16,123,4600,1,0.274227
16,123,4800,1,0.496192
16,123,5000,1,0.341717
16,129,2000,1,0.380836
16,129,2200,1,0.481263
16,129,2400,1,0.281711
16,129,2600,1,0.323155
16,129,2800,1,0.258556
16,129,3000,1,0.264093
16,129,3200,1,0.571269
16,129,3400,1,0.325427
16,129,3600,1,0.548572
16,129,3800,1,0.602301
16,129,4000,1,0.202768
16,129,4200,1,0.356106
16,129,4400,1,0.459963
16,129,4600,1,0.169155
16,129,4800,1,0.367404
16,129,5000,1,0.231499
16,135,2000,1,0.477113
16,135,2200,1,0.157459
16,135,2400,1,0.780843
16,135,2600,1,0.266743
16,135,2800,1,0.253286
16,135,3000,1,0.312196
16,135,3200,1,0.291869
16,135,3400,1,0.400182
16,135,3600,1,0.415369
16,135,3800,1,0.257556
16,135,4000,1,0.346265
16,135,4200,1,0.197809
16,135,4400,1,0.273347
16,135,4600,1,0.502101
16,135,4800,1,0.400763
16,135,5000,1,0.288724
16,141,2000,1,0.529019
16,141,2200,1,0.412884
16,141,2400,1,0.189192
16,141,2600,1,0.420237
16,141,2800,1,0.450462
16,141,3000,1,0.284187
16,141,3200,1,0.285613
16,141,3400,1,0.228067
16,141,3600,1,0.302848
16,141,3800,1,0.528802
16,141,4000,1,0.273474
16,141,4200,1,0.233628
16,141,4400,1,0.294440
16,141,4600,1,0.391339
16,141,4800,1,0.226341
16,141,5000,1,0.285187
16,147,2000,1,0.476997
16,147,2200,1,1.235186
16,147,2400,1,0.639705
16,147,2600,1,0.481077
16,147,2800,1,0.239938
16,147,3000,1,0.278008
16,147,3200,1,0.470595
16,147,3400,1,0.365961
16,147,3600,1,0.280826
16,147,3800,1,0.268543
16,147,4000,1,0.185368
16,147,4200,1,0.383181
16,147,4400,1,0.224619
16,147,4600,1,0.462459
16,147,4800,1,0.263797
16,147,5000,1,0.244320
16,153,2000,1,1.193134
16,153,2200,1,0.088168
16,153,2400,1,0.300864
16,153,2600,1,0.109755
16,153,2800,1,0.355448
16,153,3000,1,0.174321
16,153,3200,1,0.255766
16,153,3400,1,0.162897
16,153,3600,1,0.509541
16,153,3800,1,0.497736
16,153,4000,1,0.251868
16,153,4200,1,0.255693
16,153,4400,1,0.357774
16,153,4600,1,0.545097
16,153,4800,1,0.486405
16,153,5000,1,0.194107
16,159,2000,1,0.362210
16,159,2200,1,0.355785
16,159,2400,1,0.349454
16,159,2600,1,0.410973
16,159,2800,1,0.162439
16,159,3000,1,0.529719
16,159,3200,1,0.242758
16,159,3400,1,0.479997
16,159,3600,1,0.175016
16,159,3800,1,0.468943
16,159,4000,1,0.303890
16,159,4200,1,0.238865
16,159,4400,1,0.519080
16,159,4600,1,0.501371
16,159,4800,1,0.300668
16,159,5000,1,0.490125
16,165,2000,1,0.361195
16,165,2200,1,0.368526
16,165,2400,1,0.345032
16,165,2600,1,0.191359
16,165,2800,1,0.412397
16,165,3000,1,0.151437
16,165,3200,1,0.103515
16,165,3400,1,0.465191
16,165,3600,1,0.668760
16,165,3800,1,0.478422
16,165,4000,1,0.197996
16,165,4200,1,0.454086
16,165,4400,1,0.229148
16,165,4600,1,0.572651
16,165,4800,1,0.221941
16,165,5000,1,0.510805
16,171,2000,1,0.237214
16,171,2200,1,0.354793
16,171,2400,1,0.224148
16,171,2600,1,0.138490
16,171,2800,1,0.376967
16,171,3000,1,0.336350
16,171,3200,1,0.248157
16,171,3400,1,0.512484
16,171,3600,1,0.226354
16,171,3800,1,0.344085
16,171,4000,1,0.353749
16,171,4200,1,0.233022
16,171,4400,1,0.197611
16,171,4600,1,0.280407
16,171,4800,1,0.562111
16,171,5000,1,0.581320
16,177,2000,1,0.338594
16,177,2200,1,0.161994
16,177,2400,1,0.470944
16,177,2600,1,0.465453
16,177,2800,1,0.358529
16,177,3000,1,0.205107
16,177,3200,1,0.309931
16,177,3400,1,0.230676
16,177,3600,1,0.116606
16,177,3800,1,0.248256
16,177,4000,1,0.263803
16,177,4200,1,0.216545
16,177,4400,1,0.239283
16,177,4600,1,0.342287
16,177,4800,1,0.474269
16,177,5000,1,0.302350
16,183,2000,1,0.203942
16,183,2200,1,0.182419
16,183,2400,1,0.199794
16,183,2600,1,0.464129
16,183,2800,1,0.293411
16,183,3000,1,0.233584
16,183,3200,1,0.239920
16,183,3400,1,0.210829
16,183,3600,1,0.308459
16,183,3800,1,0.290724
16,183,4000,1,0.189747
16,183,4200,1,0.215089
16,183,4400,1,0.222837
16,183,4600,1,0.360697
16,183,4800,1,0.461849
16,183,5000,1,0.316412
16,189,2000,1,0.449491
16,189,2200,1,0.327030
16,189,2400,1,0.238789
16,189,2600,1,0.108660
16,189,2800,1,0.469653
16,189,3000,1,0.504533
16,189,3200,1,0.313070
16,189,3400,1,0.465688
16,189,3600,1,0.235115
16,189,3800,1,0.523670
16,189,4000,1,0.568684
16,189,4200,1,0.285049
16,189,4400,1,0.184286
16,189,4600,1,0.390527
16,189,4800,1,0.494066
16,189,5000,1,0.223912
16,195,2000,1,0.532761
16,195,2200,1,0.522351
16,195,2400,1,0.497229
16,195,2600,1,0.376826
16,195,2800,1,0.248967
16,195,3000,1,0.541828
16,195,3200,1,0.261696
16,195,3400,1,0.298675
16,195,3600,1,0.241790
16,195,3800,1,0.456333
16,195,4000,1,0.258041
16,195,4200,1,0.210528
16,195,4400,1,0.322155
16,195,4600,1,0.197210
16,195,4800,1,0.273709
16,195,5000,1,0.256717
32,75,2000,1,0.291947
32,75,2200,1,0.266538
32,75,2400,1,0.305645
32,75,2600,1,0.330350
32,75,2800,1,0.298833
32,75,3000,1,0.281419
32,75,3200,1,0.200243
32,75,3400,1,0.316690
32,75,3600,1,0.323861
32,75,3800,1,0.271956
32,75,4000,1,0.321640
32,75,4200,1,0.313995
32,75,4400,1,0.285214
32,75,4600,1,0.202457
32,75,4800,1,0.258885
32,75,5000,1,0.204499
32,81,2000,1,0.774871
32,81,2200,1,0.499322
32,81,2400,1,0.568610
32,81,2600,1,0.335609
32,81,2800,1,0.311586
32,81,3000,1,0.541063
32,81,3200,1,0.491355
32,81,3400,1,0.470150
32,81,3600,1,0.516916
32,81,3800,1,0.520806
32,81,4000,1,0.549625
32,81,4200,1,0.492688
32,81,4400,1,0.499147
32,81,4600,1,0.285916
32,81,4800,1,0.278320
32,81,5000,1,0.328019
32,87,2000,1,0.236343
32,87,2200,1,0.499557
32,87,2400,1,0.356131
32,87,2600,1,0.493763
32,87,2800,1,0.561791
32,87,3000,1,0.501555
32,87,3200,1,0.251810
32,87,3400,1,0.326924
32,87,3600,1,0.471141
32,87,3800,1,0.486337
32,87,4000,1,0.246572
32,87,4200,1,0.591334
32,87,4400,1,0.296824
32,87,4600,1,0.237244
32,87,4800,1,0.210395
32,87,5000,1,0.194550
32,93,2000,1,0.783738
32,93,2200,1,0.507562
32,93,2400,1,0.511031
32,93,2600,1,0.183524
32,93,2800,1,0.521427
32,93,3000,1,0.306023
32,93,3200,1,0.542631
32,93,3400,1,0.255331
32,93,3600,1,0.480929
32,93,3800,1,0.235539
32,93,4000,1,0.498307
32,93,4200,1,0.508933
32,93,4400,1,0.265554
32,93,4600,1,0.478055
32,93,4800,1,0.539927
32,93,5000,1,0.472720
32,99,2000,1,0.527390
32,99,2200,1,0.511776
32,99,2400,1,0.267045
32,99,2600,1,0.489553
32,99,2800,1,0.469779
32,99,3000,1,0.472717
32,99,3200,1,0.222769
32,99,3400,1,0.208148
32,99,3600,1,0.501841
32,99,3800,1,0.486503
32,99,4000,1,0.281829
32,99,4200,1,0.216729
32,99,4400,1,0.224915
32,99,4600,1,0.506082
32,99,4800,1,0.525999
32,99,5000,1,0.542027
32,105,2000,1,0.510940
32,105,2200,1,0.372369
32,105,2400,1,0.244690
32,105,2600,1,0.510385
32,105,2800,1,0.271287
32,105,3000,1,0.458331
32,105,3200,1,0.496611
32,105,3400,1,0.237886
32,105,3600,1,0.232083
32,105,3800,1,0.475676
32,105,4000,1,0.234742
32,105,4200,1,0.307772
32,105,4400,1,0.271783
32,105,4600,1,0.221393
32,105,4800,1,0.530337
32,105,5000,1,0.294836
32,111,2000,1,0.243862
32,111,2200,1,0.475753
32,111,2400,1,0.491017
32,111,2600,1,0.275392
32,111,2800,1,0.233438
32,111,3000,1,0.529621
32,111,3200,1,0.463727
32,111,3400,1,0.461657
32,111,3600,1,0.475439
32,111,3800,1,0.463226
32,111,4000,1,0.240080
32,111,4200,1,0.487624
32,111,4400,1,0.233388
32,111,4600,1,0.570783
32,111,4800,1,0.213271
32,111,5000,1,0.579555
32,117,2000,1,0.217624
32,117,2200,1,0.266570
32,117,2400,1,0.559718
32,117,2600,1,0.504942
32,117,2800,1,0.518649
32,117,3000,1,0.483009
32,117,3200,1,0.470819
32,117,3400,1,0.243276
32,117,3600,1,0.529074
32,117,3800,1,0.533452
32,117,4000,1,0.598845
32,117,4200,1,0.278302
32,117,4400,1,0.264273
32,117,4600,1,0.274547
32,117,4800,1,0.553236
32,117,5000,1,0.303619
32,123,2000,1,1.213096
32,123,2200,1,0.253933
32,123,2400,1,0.461610
32,123,2600,1,0.241101
32,123,2800,1,0.520965
32,123,3000,1,0.187636
32,123,3200,1,0.251794
32,123,3400,1,0.310531
32,123,3600,1,0.482261
32,123,3800,1,0.517742
32,123,4000,1,0.210657
32,123,4200,1,0.273959
32,123,4400,1,0.259235
32,123,4600,1,0.569107
32,123,4800,1,0.480656
32,123,5000,1,0.248219
32,129,2000,1,1.219994
32,129,2200,1,0.568901
32,129,2400,1,0.260007
32,129,2600,1,0.489184
32,129,2800,1,0.512984
32,129,3000,1,0.311114
32,129,3200,1,0.298293
32,129,3400,1,0.500009
32,129,3600,1,0.244847
32,129,3800,1,0.489598
32,129,4000,1,0.278562
32,129,4200,1,0.236255
32,129,4400,1,0.540084
32,129,4600,1,0.483728
32,129,4800,1,0.550414
32,129,5000,1,0.253335
32,135,2000,1,0.554532
32,135,2200,1,0.490205
32,135,2400,1,0.473819
32,135,2600,1,0.232496
32,135,2800,1,0.290859
32,135,3000,1,0.537924
32,135,3200,1,0.526245
32,135,3400,1,0.232469
32,135,3600,1,0.504402
32,135,3800,1,0.248537
32,135,4000,1,0.232324
32,135,4200,1,0.289514
32,135,4400,1,0.183417
32,135,4600,1,0.314924
32,135,4800,1,0.208385
32,135,5000,1,0.540175
32,141,2000,1,0.462258
32,141,2200,1,0.360758
32,141,2400,1,0.454731
32,141,2600,1,0.216702
32,141,2800,1,0.512937
32,141,3000,1,0.465479
32,141,3200,1,0.313901
32,141,3400,1,0.189260
32,141,3600,1,0.557912
32,141,3800,1,0.209960
32,141,4000,1,0.487748
32,141,4200,1,0.468027
32,141,4400,1,0.231758
32,141,4600,1,0.497680
32,141,4800,1,0.273216
32,141,5000,1,0.252795
32,147,2000,1,0.244206
32,147,2200,1,1.676928
32,147,2400,1,0.264679
32,147,2600,1,0.546709
32,147,2800,1,0.463390
32,147,3000,1,0.286254
32,147,3200,1,0.513281
32,147,3400,1,0.236858
32,147,3600,1,0.267330
32,147,3800,1,0.569621
32,147,4000,1,0.556110
32,147,4200,1,0.226873
32,147,4400,1,0.295537
32,147,4600,1,0.337096
32,147,4800,1,0.318843
32,147,5000,1,0.462922
32,153,2000,1,0.196911
32,153,2200,1,0.223044
32,153,2400,1,0.258007
32,153,2600,1,0.492945
32,153,2800,1,0.468414
32,153,3000,1,0.493601
32,153,3200,1,0.251524
32,153,3400,1,0.225996
32,153,3600,1,0.246367
32,153,3800,1,0.222543
32,153,4000,1,0.330273
32,153,4200,1,0.216457
32,153,4400,1,0.262508
32,153,4600,1,0.519109
32,153,4800,1,0.563448
32,153,5000,1,0.331936
32,159,2000,1,0.492222
32,159,2200,1,0.475134
32,159,2400,1,0.524185
32,159,2600,1,0.465452
32,159,2800,1,0.462335
32,159,3000,1,0.474577
32,159,3200,1,0.538110
32,159,3400,1,0.575519
32,159,3600,1,0.227054
32,159,3800,1,0.572591
32,159,4000,1,0.493193
32,159,4200,1,0.332111
32,159,4400,1,0.263414
32,159,4600,1,0.571246
32,159,4800,1,0.203038
32,159,5000,1,0.558258
32,165,2000,1,0.501235
32,165,2200,1,0.230262
32,165,2400,1,0.353228
32,165,2600,1,0.238446
32,165,2800,1,0.248688
32,165,3000,1,0.213036
32,165,3200,1,0.309357
32,165,3400,1,0.472321
32,165,3600,1,0.272369
32,165,3800,1,0.486762
32,165,4000,1,0.279028
32,165,4200,1,0.265142
32,165,4400,1,0.187509
32,165,4600,1,0.238191
32,165,4800,1,0.518988
32,165,5000,1,0.524049
32,171,2000,1,0.230231
32,171,2200,1,0.204202
32,171,2400,1,0.523918
32,171,2600,1,0.460976
32,171,2800,1,0.207057
32,171,3000,1,0.511593
32,171,3200,1,0.202581
32,171,3400,1,0.200645
32,171,3600,1,0.170998
32,171,3800,1,0.289131
32,171,4000,1,0.289155
32,171,4200,1,0.227095
32,171,4400,1,0.340904
32,171,4600,1,0.273856
32,171,4800,1,0.475403
32,171,5000,1,0.221845
32,177,2000,1,0.531927
32,177,2200,1,0.501059
32,177,2400,1,0.494018
32,177,2600,1,0.299899
32,177,2800,1,0.325655
32,177,3000,1,0.487292
32,177,3200,1,0.255169
32,177,3400,1,0.485446
32,177,3600,1,0.494180
32,177,3800,1,0.538647
32,177,4000,1,0.220935
32,177,4200,1,0.276339
32,177,4400,1,0.257090
32,177,4600,1,0.329281
32,177,4800,1,0.158136
32,177,5000,1,0.546893
32,183,2000,1,0.789758
32,183,2200,1,0.459985
32,183,2400,1,0.520365
32,183,2600,1,0.192917
32,183,2800,1,0.223773
32,183,3000,1,0.499924
32,183,3200,1,0.142253
32,183,3400,1,0.514249
32,183,3600,1,0.211877
32,183,3800,1,0.499502
32,183,4000,1,0.492642
32,183,4200,1,0.489553
32,183,4400,1,0.236924
32,183,4600,1,0.231126
32,183,4800,1,0.496079
32,183,5000,1,0.226332
32,189,2000,1,0.517309
32,189,2200,1,0.315992
32,189,2400,1,0.226468
32,189,2600,1,0.513976
32,189,2800,1,0.213030
32,189,3000,1,0.239152
32,189,3200,1,0.481164
32,189,3400,1,0.483154
32,189,3600,1,0.262481
32,189,3800,1,0.534429
32,189,4000,1,0.195927
32,189,4200,1,0.235494
32,189,4400,1,0.318363
32,189,4600,1,0.202712
32,189,4800,1,0.501846
32,189,5000,1,0.469223
32,195,2000,1,0.476978
32,195,2200,1,0.555741
32,195,2400,1,0.498341
32,195,2600,1,0.555915
32,195,2800,1,0.292676
32,195,3000,1,0.479470
32,195,3200,1,0.266699
32,195,3400,1,0.480490
32,195,3600,1,0.223214
32,195,3800,1,0.249103
32,195,4000,1,0.248793
32,195,4200,1,0.197493
32,195,4400,1,0.229403
32,195,4600,1,0.489128
32,195,4800,1,0.633571
32,195,5000,1,0.262311
