BASE_DEPTH,MINIMUM_TASK_COUNT,RUN_NUMBER,RUNTIME
50,1000,1,1.197060
50,1000,2,1.197502
50,1000,3,1.211664
50,1000,4,0.663165
50,1000,5,1.209950
50,1000,6,1.656795
50,1200,1,1.218741
50,1200,2,0.655000
50,1200,3,1.212352
50,1200,4,1.214021
50,1200,5,0.660085
50,1200,6,1.195582
50,1400,1,1.211450
50,1400,2,0.756733
50,1400,3,0.662334
50,1400,4,1.201636
50,1400,5,0.443058
50,1400,6,0.659926
50,1600,1,0.342123
50,1600,2,1.213922
50,1600,3,0.341056
50,1600,4,0.758517
50,1600,5,0.658148
50,1600,6,0.671739
50,1800,1,0.696557
50,1800,2,0.345706
50,1800,3,0.661627
50,1800,4,0.752689
50,1800,5,0.569985
50,1800,6,0.180394
50,2000,1,0.594204
50,2000,2,0.762714
50,2000,3,0.483682
50,2000,4,0.484827
50,2000,5,0.757728
50,2000,6,0.191138
50,2200,1,0.658153
50,2200,2,0.497407
50,2200,3,0.228864
50,2200,4,0.762548
50,2200,5,0.762026
50,2200,6,0.777983
50,2400,1,0.349045
50,2400,2,0.458691
50,2400,3,0.346624
50,2400,4,0.466359
50,2400,5,0.455089
50,2400,6,0.617602
50,2600,1,0.217212
50,2600,2,0.515992
50,2600,3,0.267597
50,2600,4,0.380831
50,2600,5,0.515406
50,2600,6,0.275224
50,2800,1,0.587967
50,2800,2,0.545783
50,2800,3,0.132976
50,2800,4,0.276453
50,2800,5,0.217787
50,2800,6,0.571952
50,3000,1,0.365666
50,3000,2,0.168022
50,3000,3,0.458288
50,3000,4,0.477132
50,3000,5,0.197833
50,3000,6,0.244185
50,3200,1,0.770639
50,3200,2,0.587628
50,3200,3,0.172562
50,3200,4,0.528813
50,3200,5,0.322124
50,3200,6,0.351488
50,3400,1,0.155502
50,3400,2,0.256617
50,3400,3,0.473128
50,3400,4,0.653321
50,3400,5,0.108893
50,3400,6,0.566721
50,3600,1,0.665087
50,3600,2,0.467348
50,3600,3,0.354843
50,3600,4,0.258491
50,3600,5,0.554269
50,3600,6,0.163018
50,3800,1,0.625406
50,3800,2,0.439240
50,3800,3,0.282184
50,3800,4,0.187382
50,3800,5,0.586457
50,3800,6,0.633772
50,4000,1,0.352616
50,4000,2,0.162228
50,4000,3,0.690819
50,4000,4,0.563282
50,4000,5,0.383563
50,4000,6,0.667544
50,4200,1,0.424469
50,4200,2,0.559790
50,4200,3,0.483528
50,4200,4,0.313820
50,4200,5,0.482642
50,4200,6,0.300722
50,4400,1,0.465119
50,4400,2,0.669214
50,4400,3,0.632792
50,4400,4,0.499451
50,4400,5,0.477439
50,4400,6,0.240508
50,4600,1,0.540899
50,4600,2,0.558817
50,4600,3,0.339169
50,4600,4,0.154608
50,4600,5,0.226145
50,4600,6,0.148605
50,4800,1,0.138819
50,4800,2,0.576260
50,4800,3,0.244731
50,4800,4,0.466871
50,4800,5,0.563924
50,4800,6,0.216192
50,5000,1,0.227223
50,5000,2,0.615432
50,5000,3,0.471626
50,5000,4,0.357161
50,5000,5,0.572837
50,5000,6,0.639762
50,5200,1,0.501093
50,5200,2,0.316922
50,5200,3,0.513641
50,5200,4,0.564615
50,5200,5,0.430140
50,5200,6,0.444039
50,5400,1,0.667428
50,5400,2,0.476152
50,5400,3,0.628846
50,5400,4,0.552184
50,5400,5,0.377242
50,5400,6,0.503664
50,5600,1,0.245499
50,5600,2,0.570907
50,5600,3,0.258251
50,5600,4,0.313964
50,5600,5,0.440945
50,5600,6,0.200540
50,5800,1,0.187905
50,5800,2,0.349993
50,5800,3,0.459912
50,5800,4,0.465913
50,5800,5,0.563581
50,5800,6,0.201039
50,6000,1,0.517399
50,6000,2,0.497593
50,6000,3,0.217197
50,6000,4,0.507661
50,6000,5,0.674646
50,6000,6,0.232304
50,6200,1,0.635077
50,6200,2,0.482767
50,6200,3,0.393326
50,6200,4,0.544861
50,6200,5,0.503059
50,6200,6,0.219956
50,6400,1,0.218890
50,6400,2,0.575645
50,6400,3,0.491961
50,6400,4,0.219250
50,6400,5,0.725970
50,6400,6,0.254246
50,6600,1,0.591649
50,6600,2,0.577367
50,6600,3,0.534671
50,6600,4,0.506812
50,6600,5,0.576314
50,6600,6,0.515542
50,6800,1,0.473051
50,6800,2,0.639859
50,6800,3,0.537861
50,6800,4,0.541809
50,6800,5,0.535826
50,6800,6,0.464002
50,7000,1,0.221205
50,7000,2,0.461851
50,7000,3,0.203410
50,7000,4,0.596658
50,7000,5,0.351991
50,7000,6,0.240943
50,7200,1,0.262477
50,7200,2,0.315790
50,7200,3,0.526097
50,7200,4,0.448107
50,7200,5,0.538228
50,7200,6,0.472819
50,7400,1,0.319637
50,7400,2,0.161634
50,7400,3,0.368292
50,7400,4,0.289895
50,7400,5,0.544938
50,7400,6,0.135295
50,7600,1,0.760794
50,7600,2,0.252323
50,7600,3,0.298757
50,7600,4,0.649073
50,7600,5,0.371094
50,7600,6,0.225865
50,7800,1,0.540716
50,7800,2,0.161488
50,7800,3,0.525604
50,7800,4,0.474155
50,7800,5,0.705925
50,7800,6,0.625642
50,8000,1,0.681772
50,8000,2,0.526484
50,8000,3,0.505978
50,8000,4,0.595331
50,8000,5,0.786790
50,8000,6,0.667909
50,8200,1,0.268104
50,8200,2,0.275105
50,8200,3,0.484362
50,8200,4,0.437087
50,8200,5,0.442517
50,8200,6,0.146166
50,8400,1,0.139646
50,8400,2,0.528290
50,8400,3,0.341710
50,8400,4,0.264144
50,8400,5,0.750885
50,8400,6,0.463219
50,8600,1,0.540067
50,8600,2,0.354024
50,8600,3,0.586337
50,8600,4,0.495862
50,8600,5,0.275378
50,8600,6,0.200065
50,8800,1,0.172607
50,8800,2,0.313666
50,8800,3,0.296908
50,8800,4,0.549104
50,8800,5,0.122370
50,8800,6,0.421275
50,9000,1,0.525943
50,9000,2,0.503191
50,9000,3,0.535986
50,9000,4,0.546400
50,9000,5,0.601306
50,9000,6,0.365267
50,9200,1,0.635224
50,9200,2,0.277901
50,9200,3,0.576501
50,9200,4,0.487509
50,9200,5,0.517008
50,9200,6,0.485843
50,9400,1,0.117118
50,9400,2,0.698981
50,9400,3,0.479887
50,9400,4,0.412648
50,9400,5,0.511929
50,9400,6,0.478365
50,9600,1,0.331667
50,9600,2,0.196357
50,9600,3,0.228144
50,9600,4,0.257764
50,9600,5,0.533695
50,9600,6,0.433443
50,9800,1,0.556439
50,9800,2,0.474350
50,9800,3,0.449744
50,9800,4,0.380672
50,9800,5,0.351721
50,9800,6,0.458736
50,10000,1,0.429291
50,10000,2,0.748906
50,10000,3,0.562252
50,10000,4,0.388886
50,10000,5,0.500990
50,10000,6,0.287072
54,1000,1,1.653395
54,1000,2,1.209720
54,1000,3,1.210877
54,1000,4,0.657059
54,1000,5,1.655890
54,1000,6,0.749770
54,1200,1,0.231804
54,1200,2,0.757578
54,1200,3,1.658325
54,1200,4,0.660398
54,1200,5,1.212137
54,1200,6,0.755274
54,1400,1,0.655966
54,1400,2,0.552971
54,1400,3,0.662494
54,1400,4,1.217387
54,1400,5,0.675416
54,1400,6,0.804507
54,1600,1,0.685221
54,1600,2,0.317570
54,1600,3,0.482041
54,1600,4,0.760030
54,1600,5,1.214412
54,1600,6,1.216852
54,1800,1,0.762349
54,1800,2,0.310340
54,1800,3,0.755431
54,1800,4,0.389471
54,1800,5,0.441983
54,1800,6,1.202728
54,2000,1,0.492400
54,2000,2,0.482240
54,2000,3,0.123088
54,2000,4,0.710295
54,2000,5,1.204435
54,2000,6,0.368653
54,2200,1,0.638862
54,2200,2,0.487011
54,2200,3,0.344593
54,2200,4,0.344180
54,2200,5,0.483821
54,2200,6,0.651647
54,2400,1,0.459942
54,2400,2,0.261226
54,2400,3,0.344261
54,2400,4,0.128825
54,2400,5,0.453958
54,2400,6,0.793078
54,2600,1,0.483473
54,2600,2,0.409993
54,2600,3,0.409897
54,2600,4,0.451876
54,2600,5,0.445841
54,2600,6,0.339050
54,2800,1,0.280852
54,2800,2,0.443118
54,2800,3,0.201406
54,2800,4,0.601331
54,2800,5,0.201503
54,2800,6,0.341695
54,3000,1,0.426031
54,3000,2,0.303550
54,3000,3,0.255819
54,3000,4,0.442440
54,3000,5,0.743355
54,3000,6,0.471644
54,3200,1,0.626598
54,3200,2,0.636957
54,3200,3,0.233941
54,3200,4,0.267121
54,3200,5,0.628330
54,3200,6,0.330783
54,3400,1,0.449982
54,3400,2,0.213781
54,3400,3,0.332565
54,3400,4,0.363806
54,3400,5,0.512969
54,3400,6,0.584378
54,3600,1,0.484842
54,3600,2,0.519473
54,3600,3,0.160860
54,3600,4,0.694655
54,3600,5,0.570798
54,3600,6,0.638464
54,3800,1,0.546256
54,3800,2,0.141899
54,3800,3,0.191439
54,3800,4,0.490194
54,3800,5,0.505066
54,3800,6,0.266605
54,4000,1,0.289498
54,4000,2,0.278368
54,4000,3,0.233781
54,4000,4,0.264512
54,4000,5,0.429483
54,4000,6,0.605167
54,4200,1,0.234395
54,4200,2,0.359844
54,4200,3,0.194159
54,4200,4,0.128782
54,4200,5,0.622080
54,4200,6,0.570794
54,4400,1,0.572397
54,4400,2,0.388585
54,4400,3,0.247598
54,4400,4,0.493059
54,4400,5,0.243880
54,4400,6,0.267087
54,4600,1,0.225714
54,4600,2,0.462392
54,4600,3,0.453388
54,4600,4,0.516151
54,4600,5,0.550300
54,4600,6,0.285003
54,4800,1,0.429179
54,4800,2,0.629180
54,4800,3,0.200620
54,4800,4,0.597329
54,4800,5,0.629779
54,4800,6,0.445689
54,5000,1,0.728596
54,5000,2,0.220348
54,5000,3,0.618838
54,5000,4,0.282434
54,5000,5,0.187640
54,5000,6,0.431444
54,5200,1,0.277344
54,5200,2,0.439893
54,5200,3,0.627941
54,5200,4,0.833687
54,5200,5,0.247822
54,5200,6,0.459756
54,5400,1,0.539000
54,5400,2,0.601578
54,5400,3,0.288946
54,5400,4,0.294819
54,5400,5,0.354406
54,5400,6,0.451510
54,5600,1,0.539788
54,5600,2,0.203050
54,5600,3,0.221202
54,5600,4,0.308482
54,5600,5,0.647542
54,5600,6,0.470023
54,5800,1,0.478888
54,5800,2,0.298634
54,5800,3,0.333035
54,5800,4,0.631955
54,5800,5,0.378177
54,5800,6,0.712064
54,6000,1,0.306568
54,6000,2,0.280294
54,6000,3,0.441683
54,6000,4,0.478040
54,6000,5,0.532438
54,6000,6,0.569029
54,6200,1,0.521518
54,6200,2,0.532347
54,6200,3,0.283204
54,6200,4,0.575337
54,6200,5,0.520748
54,6200,6,0.174554
54,6400,1,0.185141
54,6400,2,0.515246
54,6400,3,0.655231
54,6400,4,0.185644
54,6400,5,0.409318
54,6400,6,0.476512
54,6600,1,0.811735
54,6600,2,0.427208
54,6600,3,0.562713
54,6600,4,0.112423
54,6600,5,0.224501
54,6600,6,0.509581
54,6800,1,0.177804
54,6800,2,0.754536
54,6800,3,0.442492
54,6800,4,0.229168
54,6800,5,0.664155
54,6800,6,0.493192
54,7000,1,0.546318
54,7000,2,0.581320
54,7000,3,0.645794
54,7000,4,0.592294
54,7000,5,0.515955
54,7000,6,0.205924
54,7200,1,0.236896
54,7200,2,0.229043
54,7200,3,0.432276
54,7200,4,0.200483
54,7200,5,0.484991
54,7200,6,0.359596
54,7400,1,0.555270
54,7400,2,0.195315
54,7400,3,0.320806
54,7400,4,0.539982
54,7400,5,0.535567
54,7400,6,0.369439
54,7600,1,0.482504
54,7600,2,0.597416
54,7600,3,0.522354
54,7600,4,0.717540
54,7600,5,0.247103
54,7600,6,0.196053
54,7800,1,0.493525
54,7800,2,0.601810
54,7800,3,0.236014
54,7800,4,0.625333
54,7800,5,0.354958
54,7800,6,0.543434
54,8000,1,0.520691
54,8000,2,0.276247
54,8000,3,0.195876
54,8000,4,0.206206
54,8000,5,0.387699
54,8000,6,0.625018
54,8200,1,0.328343
54,8200,2,0.508848
54,8200,3,0.225650
54,8200,4,0.303363
54,8200,5,0.407284
54,8200,6,0.472123
54,8400,1,0.597862
54,8400,2,0.542137
54,8400,3,0.557699
54,8400,4,0.108248
54,8400,5,0.170813
54,8400,6,0.204240
54,8600,1,0.370823
54,8600,2,0.312203
54,8600,3,0.244813
54,8600,4,0.471999
54,8600,5,0.386061
54,8600,6,0.205007
54,8800,1,0.257478
54,8800,2,0.524948
54,8800,3,0.630147
54,8800,4,0.471829
54,8800,5,0.412357
54,8800,6,0.418252
54,9000,1,0.234001
54,9000,2,0.202040
54,9000,3,0.143325
54,9000,4,0.540194
54,9000,5,0.514632
54,9000,6,0.371549
54,9200,1,0.303623
54,9200,2,0.495779
54,9200,3,0.706426
54,9200,4,0.453713
54,9200,5,0.584689
54,9200,6,0.444969
54,9400,1,0.237014
54,9400,2,0.449260
54,9400,3,0.199538
54,9400,4,0.163498
54,9400,5,0.416815
54,9400,6,0.316336
54,9600,1,0.726449
54,9600,2,0.517914
54,9600,3,0.567693
54,9600,4,0.312985
54,9600,5,0.743200
54,9600,6,0.300564
54,9800,1,0.575948
54,9800,2,0.139189
54,9800,3,0.569857
54,9800,4,0.473793
54,9800,5,0.532793
54,9800,6,0.664627
54,10000,1,0.182468
54,10000,2,0.478526
54,10000,3,0.229943
54,10000,4,0.532808
54,10000,5,0.708397
54,10000,6,0.628736
58,1000,1,0.575589
58,1000,2,1.210860
58,1000,3,1.212959
58,1000,4,1.211468
58,1000,5,1.211280
58,1000,6,1.655411
58,1200,1,1.658594
58,1200,2,1.222410
58,1200,3,1.655729
58,1200,4,0.483075
58,1200,5,0.476303
58,1200,6,0.754572
58,1400,1,0.608203
58,1400,2,0.341855
58,1400,3,1.212207
58,1400,4,0.456731
58,1400,5,0.608310
58,1400,6,0.759309
58,1600,1,1.202415
58,1600,2,0.342447
58,1600,3,1.214633
58,1600,4,1.214381
58,1600,5,1.199367
58,1600,6,1.215325
58,1800,1,1.203200
58,1800,2,0.485806
58,1800,3,1.663479
58,1800,4,0.301987
58,1800,5,0.184336
58,1800,6,0.658661
58,2000,1,0.423916
58,2000,2,0.594531
58,2000,3,0.095681
58,2000,4,0.485745
58,2000,5,0.572664
58,2000,6,0.629334
58,2200,1,0.548539
58,2200,2,0.485343
58,2200,3,0.760958
58,2200,4,0.672305
58,2200,5,0.593821
58,2200,6,0.251203
58,2400,1,0.430722
58,2400,2,0.361141
58,2400,3,0.762031
58,2400,4,0.282016
58,2400,5,0.133635
58,2400,6,0.610957
58,2600,1,0.300253
58,2600,2,0.557930
58,2600,3,0.244910
58,2600,4,0.528275
58,2600,5,0.402230
58,2600,6,0.200978
58,2800,1,0.515115
58,2800,2,0.475496
58,2800,3,0.561901
58,2800,4,0.599994
58,2800,5,0.847318
58,2800,6,0.502959
58,3000,1,0.599465
58,3000,2,0.250598
58,3000,3,0.229938
58,3000,4,0.359815
58,3000,5,0.603546
58,3000,6,0.304016
58,3200,1,0.328575
58,3200,2,0.469111
58,3200,3,0.534845
58,3200,4,0.582361
58,3200,5,0.203725
58,3200,6,0.473920
58,3400,1,0.452299
58,3400,2,0.108993
58,3400,3,0.701922
58,3400,4,0.457338
58,3400,5,0.235639
58,3400,6,0.300969
58,3600,1,0.437982
58,3600,2,0.626604
58,3600,3,0.299449
58,3600,4,0.264924
58,3600,5,0.679255
58,3600,6,0.172333
58,3800,1,0.379771
58,3800,2,0.591279
58,3800,3,0.267017
58,3800,4,0.512389
58,3800,5,0.479330
58,3800,6,0.236502
58,4000,1,0.229252
58,4000,2,0.323738
58,4000,3,0.206750
58,4000,4,0.251907
58,4000,5,0.229201
58,4000,6,0.391112
58,4200,1,0.348505
58,4200,2,0.237632
58,4200,3,0.566051
58,4200,4,0.539807
58,4200,5,0.548320
58,4200,6,0.373419
58,4400,1,0.148751
58,4400,2,0.238545
58,4400,3,0.550751
58,4400,4,0.173412
58,4400,5,0.191920
58,4400,6,0.201487
58,4600,1,0.581957
58,4600,2,0.328561
58,4600,3,0.679431
58,4600,4,0.512407
58,4600,5,0.535159
58,4600,6,0.391952
58,4800,1,0.256991
58,4800,2,0.595484
58,4800,3,0.522170
58,4800,4,0.316388
58,4800,5,0.296905
58,4800,6,0.284738
58,5000,1,0.166403
58,5000,2,0.544611
58,5000,3,0.543464
58,5000,4,0.299895
58,5000,5,0.507658
58,5000,6,0.225365
58,5200,1,0.410451
58,5200,2,0.591961
58,5200,3,0.212125
58,5200,4,0.607590
58,5200,5,0.421630
58,5200,6,0.689826
58,5400,1,0.534744
58,5400,2,0.249032
58,5400,3,0.203057
58,5400,4,0.416387
58,5400,5,0.430290
58,5400,6,0.235014
58,5600,1,0.231195
58,5600,2,0.426056
58,5600,3,0.308404
58,5600,4,0.498628
58,5600,5,0.568990
58,5600,6,0.537463
58,5800,1,0.657647
58,5800,2,0.470087
58,5800,3,0.618367
58,5800,4,0.297083
58,5800,5,0.394146
58,5800,6,0.516442
58,6000,1,0.168260
58,6000,2,0.584509
58,6000,3,0.358301
58,6000,4,0.386121
58,6000,5,0.246163
58,6000,6,0.591589
58,6200,1,0.240381
58,6200,2,0.342183
58,6200,3,0.523223
58,6200,4,0.227798
58,6200,5,0.498738
58,6200,6,0.586661
58,6400,1,0.672664
58,6400,2,0.463439
58,6400,3,0.259322
58,6400,4,0.472671
58,6400,5,0.343900
58,6400,6,0.401829
58,6600,1,0.770642
58,6600,2,0.483324
58,6600,3,0.517760
58,6600,4,0.095863
58,6600,5,0.454332
58,6600,6,0.510833
58,6800,1,0.284542
58,6800,2,0.411805
58,6800,3,0.231570
58,6800,4,0.230977
58,6800,5,0.642111
58,6800,6,0.501304
58,7000,1,0.174053
58,7000,2,0.586272
58,7000,3,0.261945
58,7000,4,0.462052
58,7000,5,0.439577
58,7000,6,0.260019
58,7200,1,0.578698
58,7200,2,0.311099
58,7200,3,0.815316
58,7200,4,0.428176
58,7200,5,0.540682
58,7200,6,0.323052
58,7400,1,0.523124
58,7400,2,0.599894
58,7400,3,0.585405
58,7400,4,0.425491
58,7400,5,0.527419
58,7400,6,0.519630
58,7600,1,0.229986
58,7600,2,0.702102
58,7600,3,0.477341
58,7600,4,0.304444
58,7600,5,0.571819
58,7600,6,0.431077
58,7800,1,0.464409
58,7800,2,0.799133
58,7800,3,0.317450
58,7800,4,0.479301
58,7800,5,0.203406
58,7800,6,0.561933
58,8000,1,0.265259
58,8000,2,0.297825
58,8000,3,0.525609
58,8000,4,0.353904
58,8000,5,0.270241
58,8000,6,0.465027
58,8200,1,0.242526
58,8200,2,0.518933
58,8200,3,0.198328
58,8200,4,0.221110
58,8200,5,0.222137
58,8200,6,0.283304
58,8400,1,0.266563
58,8400,2,0.147565
58,8400,3,0.461936
58,8400,4,0.640230
58,8400,5,0.550079
58,8400,6,0.120689
58,8600,1,0.568706
58,8600,2,0.590477
58,8600,3,0.514143
58,8600,4,0.613169
58,8600,5,0.501271
58,8600,6,0.295842
58,8800,1,0.216358
58,8800,2,0.208995
58,8800,3,0.305763
58,8800,4,0.126399
58,8800,5,0.486637
58,8800,6,0.157842
58,9000,1,0.499896
58,9000,2,0.226931
58,9000,3,0.190262
58,9000,4,0.486749
58,9000,5,0.383353
58,9000,6,0.560252
58,9200,1,0.481761
58,9200,2,0.542644
58,9200,3,0.581834
58,9200,4,0.405120
58,9200,5,0.473165
58,9200,6,0.179135
58,9400,1,0.391825
58,9400,2,0.513479
58,9400,3,0.223002
58,9400,4,0.238360
58,9400,5,0.265124
58,9400,6,0.384156
58,9600,1,0.527214
58,9600,2,0.164587
58,9600,3,0.611328
58,9600,4,0.673006
58,9600,5,0.645470
58,9600,6,0.515993
58,9800,1,0.501223
58,9800,2,0.372821
58,9800,3,0.391841
58,9800,4,0.547515
58,9800,5,0.212519
58,9800,6,0.518600
58,10000,1,0.133931
58,10000,2,0.729907
58,10000,3,0.304886
58,10000,4,0.280890
58,10000,5,0.278518
58,10000,6,0.282060
62,1000,1,1.208723
62,1000,2,1.654591
62,1000,3,1.655593
62,1000,4,1.210894
62,1000,5,1.657227
62,1000,6,1.655140
62,1200,1,1.655605
62,1200,2,1.198247
62,1200,3,1.656284
62,1200,4,1.196054
62,1200,5,1.661531
62,1200,6,1.658049
62,1400,1,0.760023
62,1400,2,1.214349
62,1400,3,1.661787
62,1400,4,0.172776
62,1400,5,1.655996
62,1400,6,1.213027
62,1600,1,0.661899
62,1600,2,0.601643
62,1600,3,0.390335
62,1600,4,1.216216
62,1600,5,0.489852
62,1600,6,0.634664
62,1800,1,0.554601
62,1800,2,0.789785
62,1800,3,0.759469
62,1800,4,0.626226
62,1800,5,1.202897
62,1800,6,0.481087
62,2000,1,1.200834
62,2000,2,0.304706
62,2000,3,0.433545
62,2000,4,0.303935
62,2000,5,0.375615
62,2000,6,0.495159
62,2200,1,1.205763
62,2200,2,0.281080
62,2200,3,0.297171
62,2200,4,0.197428
62,2200,5,0.367122
62,2200,6,0.519766
62,2400,1,0.343832
62,2400,2,0.377044
62,2400,3,0.525337
62,2400,4,0.347264
62,2400,5,0.448996
62,2400,6,0.762687
62,2600,1,0.254712
62,2600,2,0.509749
62,2600,3,0.447343
62,2600,4,0.190614
62,2600,5,0.187152
62,2600,6,0.449051
62,2800,1,0.440809
62,2800,2,0.309221
62,2800,3,0.592233
62,2800,4,0.281654
62,2800,5,0.397760
62,2800,6,0.352438
62,3000,1,0.349362
62,3000,2,0.267408
62,3000,3,0.440530
62,3000,4,0.539217
62,3000,5,0.159217
62,3000,6,0.231613
62,3200,1,0.242359
62,3200,2,0.477143
62,3200,3,0.139849
62,3200,4,0.404513
62,3200,5,0.339961
62,3200,6,0.577914
62,3400,1,0.461249
62,3400,2,0.522926
62,3400,3,0.517004
62,3400,4,0.536634
62,3400,5,0.203535
62,3400,6,0.627780
62,3600,1,0.708113
62,3600,2,0.322775
62,3600,3,0.186982
62,3600,4,0.527250
62,3600,5,0.279856
62,3600,6,0.275965
62,3800,1,0.533522
62,3800,2,0.222814
62,3800,3,0.265761
62,3800,4,0.135023
62,3800,5,0.433915
62,3800,6,0.297108
62,4000,1,0.508172
62,4000,2,0.318321
62,4000,3,0.186141
62,4000,4,0.516142
62,4000,5,0.441827
62,4000,6,0.622581
62,4200,1,0.465300
62,4200,2,0.602379
62,4200,3,0.544114
62,4200,4,0.818982
62,4200,5,0.206736
62,4200,6,0.580044
62,4400,1,0.526572
62,4400,2,0.617701
62,4400,3,0.595966
62,4400,4,0.279076
62,4400,5,0.585474
62,4400,6,0.620706
62,4600,1,0.312017
62,4600,2,0.458441
62,4600,3,0.536479
62,4600,4,0.229364
62,4600,5,0.577907
62,4600,6,0.703098
62,4800,1,0.107589
62,4800,2,0.545826
62,4800,3,0.292781
62,4800,4,0.285858
62,4800,5,0.420034
62,4800,6,0.746324
62,5000,1,0.352469
62,5000,2,0.241125
62,5000,3,0.470264
62,5000,4,0.209497
62,5000,5,0.125130
62,5000,6,0.164976
62,5200,1,0.538197
62,5200,2,0.575547
62,5200,3,0.561179
62,5200,4,0.310008
62,5200,5,0.102141
62,5200,6,0.609659
62,5400,1,0.254519
62,5400,2,0.381771
62,5400,3,0.457247
62,5400,4,0.248172
62,5400,5,0.327317
62,5400,6,0.230607
62,5600,1,0.443846
62,5600,2,0.227130
62,5600,3,0.611578
62,5600,4,0.199337
62,5600,5,0.340379
62,5600,6,0.537457
62,5800,1,0.723245
62,5800,2,0.567937
62,5800,3,0.560655
62,5800,4,0.663542
62,5800,5,0.347830
62,5800,6,0.604428
62,6000,1,0.598968
62,6000,2,0.734539
62,6000,3,0.285045
62,6000,4,0.603033
62,6000,5,0.243685
62,6000,6,0.121283
62,6200,1,0.217502
62,6200,2,0.207304
62,6200,3,0.547078
62,6200,4,0.163160
62,6200,5,0.553927
62,6200,6,0.184633
62,6400,1,0.372550
62,6400,2,0.566145
62,6400,3,0.573271
62,6400,4,0.558257
62,6400,5,0.525169
62,6400,6,0.235865
62,6600,1,0.646228
62,6600,2,0.419461
62,6600,3,0.558616
62,6600,4,0.615301
62,6600,5,0.505170
62,6600,6,0.539233
62,6800,1,0.310917
62,6800,2,0.147440
62,6800,3,0.554977
62,6800,4,0.302151
62,6800,5,0.539230
62,6800,6,0.723079
62,7000,1,0.293339
62,7000,2,0.254238
62,7000,3,0.340560
62,7000,4,0.289991
62,7000,5,0.134845
62,7000,6,0.458082
62,7200,1,0.313800
62,7200,2,0.271870
62,7200,3,0.212812
62,7200,4,0.446352
62,7200,5,0.371887
62,7200,6,0.668483
62,7400,1,0.457121
62,7400,2,0.300125
62,7400,3,0.246604
62,7400,4,0.272103
62,7400,5,0.388496
62,7400,6,0.433667
62,7600,1,0.158269
62,7600,2,0.471889
62,7600,3,0.160019
62,7600,4,0.245966
62,7600,5,0.267421
62,7600,6,0.429672
62,7800,1,0.558425
62,7800,2,0.236362
62,7800,3,0.574003
62,7800,4,0.435853
62,7800,5,0.379085
62,7800,6,0.321168
62,8000,1,0.444798
62,8000,2,0.272304
62,8000,3,0.335696
62,8000,4,0.203976
62,8000,5,0.412303
62,8000,6,0.295038
62,8200,1,0.356217
62,8200,2,0.410869
62,8200,3,0.192500
62,8200,4,0.128552
62,8200,5,0.295561
62,8200,6,0.689127
62,8400,1,0.106494
62,8400,2,0.290685
62,8400,3,0.472488
62,8400,4,0.451447
62,8400,5,0.383791
62,8400,6,0.564600
62,8600,1,0.305422
62,8600,2,0.264214
62,8600,3,0.215096
62,8600,4,0.224760
62,8600,5,0.529925
62,8600,6,0.371200
62,8800,1,0.673028
62,8800,2,0.513189
62,8800,3,0.400739
62,8800,4,0.388277
62,8800,5,0.138461
62,8800,6,0.486122
62,9000,1,0.483110
62,9000,2,0.414624
62,9000,3,0.340599
62,9000,4,0.557763
62,9000,5,0.524179
62,9000,6,0.600117
62,9200,1,0.437063
62,9200,2,0.284419
62,9200,3,0.772773
62,9200,4,0.506480
62,9200,5,0.520505
62,9200,6,0.619539
62,9400,1,0.308884
62,9400,2,0.581872
62,9400,3,0.498660
62,9400,4,0.516426
62,9400,5,0.750910
62,9400,6,0.228693
62,9600,1,0.378222
62,9600,2,0.520265
62,9600,3,0.321419
62,9600,4,0.756512
62,9600,5,0.480688
62,9600,6,0.306668
62,9800,1,0.292226
62,9800,2,0.470055
62,9800,3,0.360378
62,9800,4,0.560101
62,9800,5,0.334466
62,9800,6,0.298452
62,10000,1,0.496724
62,10000,2,0.511029
62,10000,3,0.564663
62,10000,4,0.314400
62,10000,5,0.667819
62,10000,6,0.122996
66,1000,1,1.211592
66,1000,2,1.212972
66,1000,3,1.213679
66,1000,4,1.211445
66,1000,5,0.653087
66,1000,6,0.752324
66,1200,1,0.661516
66,1200,2,1.213060
66,1200,3,0.659883
66,1200,4,0.215353
66,1200,5,1.198711
66,1200,6,1.196457
66,1400,1,0.757885
66,1400,2,1.213831
66,1400,3,0.566154
66,1400,4,1.199259
66,1400,5,1.201018
66,1400,6,0.559433
66,1600,1,0.774142
66,1600,2,0.756463
66,1600,3,1.212826
66,1600,4,0.460696
66,1600,5,1.213503
66,1600,6,0.205421
66,1800,1,0.777911
66,1800,2,0.657679
66,1800,3,1.204476
66,1800,4,0.488863
66,1800,5,0.205193
66,1800,6,0.657320
66,2000,1,0.135771
66,2000,2,0.486939
66,2000,3,0.554540
66,2000,4,0.553583
66,2000,5,0.632616
66,2000,6,0.410884
66,2200,1,0.763522
66,2200,2,0.193756
66,2200,3,0.391394
66,2200,4,0.232197
66,2200,5,0.644619
66,2200,6,1.206779
66,2400,1,0.536870
66,2400,2,0.278635
66,2400,3,0.231458
66,2400,4,0.413924
66,2400,5,0.487675
66,2400,6,0.193973
66,2600,1,0.337539
66,2600,2,0.233889
66,2600,3,0.365880
66,2600,4,0.550757
66,2600,5,0.383589
66,2600,6,0.465277
66,2800,1,0.565037
66,2800,2,0.595827
66,2800,3,0.246833
66,2800,4,0.458045
66,2800,5,0.225957
66,2800,6,0.572685
66,3000,1,0.550332
66,3000,2,0.445535
66,3000,3,0.498123
66,3000,4,0.434247
66,3000,5,0.105383
66,3000,6,0.285078
66,3200,1,0.163817
66,3200,2,0.230281
66,3200,3,0.283465
66,3200,4,0.266397
66,3200,5,0.616355
66,3200,6,0.326020
66,3400,1,0.351426
66,3400,2,0.197929
66,3400,3,0.433857
66,3400,4,0.492624
66,3400,5,0.780468
66,3400,6,0.419533
66,3600,1,0.292406
66,3600,2,0.320806
66,3600,3,0.259615
66,3600,4,0.588883
66,3600,5,0.626374
66,3600,6,0.270587
66,3800,1,0.515929
66,3800,2,0.533192
66,3800,3,0.464281
66,3800,4,0.630159
66,3800,5,0.634170
66,3800,6,0.258075
66,4000,1,0.233866
66,4000,2,0.702557
66,4000,3,0.198381
66,4000,4,0.423478
66,4000,5,0.844325
66,4000,6,0.387533
66,4200,1,0.584991
66,4200,2,0.577763
66,4200,3,0.240136
66,4200,4,0.213596
66,4200,5,0.092224
66,4200,6,0.242012
66,4400,1,0.458863
66,4400,2,0.563898
66,4400,3,0.478252
66,4400,4,0.541576
66,4400,5,0.617461
66,4400,6,0.629483
66,4600,1,0.484969
66,4600,2,0.574658
66,4600,3,0.534703
66,4600,4,0.275931
66,4600,5,0.596651
66,4600,6,0.229648
66,4800,1,0.349707
66,4800,2,0.161546
66,4800,3,0.398986
66,4800,4,0.612508
66,4800,5,0.589541
66,4800,6,0.372811
66,5000,1,0.574031
66,5000,2,0.613649
66,5000,3,0.590606
66,5000,4,0.479858
66,5000,5,0.260872
66,5000,6,0.539001
66,5200,1,0.188733
66,5200,2,0.538015
66,5200,3,0.475608
66,5200,4,0.397958
66,5200,5,0.482166
66,5200,6,0.331374
66,5400,1,0.284804
66,5400,2,0.471170
66,5400,3,0.225940
66,5400,4,0.426913
66,5400,5,0.138250
66,5400,6,0.510818
66,5600,1,0.207184
66,5600,2,0.222329
66,5600,3,0.565348
66,5600,4,0.247358
66,5600,5,0.217620
66,5600,6,0.396558
66,5800,1,0.475297
66,5800,2,0.289482
66,5800,3,0.645224
66,5800,4,0.501798
66,5800,5,0.701914
66,5800,6,0.271833
66,6000,1,0.558094
66,6000,2,0.197056
66,6000,3,0.648816
66,6000,4,0.482120
66,6000,5,0.298295
66,6000,6,0.707796
66,6200,1,0.584063
66,6200,2,0.537728
66,6200,3,0.547404
66,6200,4,0.244595
66,6200,5,0.329139
66,6200,6,0.517105
66,6400,1,0.515142
66,6400,2,0.459236
66,6400,3,0.644151
66,6400,4,0.372776
66,6400,5,0.469150
66,6400,6,0.502798
66,6600,1,0.554691
66,6600,2,0.597916
66,6600,3,0.508032
66,6600,4,0.555701
66,6600,5,0.325593
66,6600,6,0.520792
66,6800,1,0.407112
66,6800,2,0.209550
66,6800,3,0.389357
66,6800,4,0.190806
66,6800,5,0.579401
66,6800,6,0.309864
66,7000,1,0.289698
66,7000,2,0.653449
66,7000,3,0.610919
66,7000,4,0.553446
66,7000,5,0.531019
66,7000,6,0.405491
66,7200,1,0.549126
66,7200,2,0.374544
66,7200,3,0.421888
66,7200,4,0.306078
66,7200,5,0.296404
66,7200,6,0.503599
66,7400,1,0.446604
66,7400,2,0.665078
66,7400,3,0.557373
66,7400,4,0.327832
66,7400,5,0.221559
66,7400,6,0.496883
66,7600,1,0.489435
66,7600,2,0.363560
66,7600,3,0.498093
66,7600,4,0.482623
66,7600,5,0.601703
66,7600,6,0.665623
66,7800,1,0.354230
66,7800,2,0.507732
66,7800,3,0.225466
66,7800,4,0.517402
66,7800,5,0.761097
66,7800,6,0.293298
66,8000,1,0.360875
66,8000,2,0.535060
66,8000,3,0.418512
66,8000,4,0.264364
66,8000,5,0.247771
66,8000,6,0.375135
66,8200,1,0.599642
66,8200,2,0.401157
66,8200,3,0.642576
66,8200,4,0.446873
66,8200,5,0.220890
66,8200,6,0.231495
66,8400,1,0.336798
66,8400,2,0.325891
66,8400,3,0.298157
66,8400,4,0.361111
66,8400,5,0.500317
66,8400,6,0.628510
66,8600,1,0.408246
66,8600,2,0.147446
66,8600,3,0.484679
66,8600,4,0.623624
66,8600,5,0.300474
66,8600,6,0.309801
66,8800,1,0.555369
66,8800,2,0.241588
66,8800,3,0.657339
66,8800,4,0.252407
66,8800,5,0.656760
66,8800,6,0.363772
66,9000,1,0.097817
66,9000,2,0.171280
66,9000,3,0.540336
66,9000,4,0.164527
66,9000,5,0.779983
66,9000,6,0.545252
66,9200,1,0.592893
66,9200,2,0.469495
66,9200,3,0.332842
66,9200,4,0.270251
66,9200,5,0.783094
66,9200,6,0.311491
66,9400,1,0.509702
66,9400,2,0.712149
66,9400,3,0.128210
66,9400,4,0.266796
66,9400,5,0.354193
66,9400,6,0.571554
66,9600,1,0.341763
66,9600,2,0.663623
66,9600,3,0.605508
66,9600,4,0.554526
66,9600,5,0.426318
66,9600,6,0.192987
66,9800,1,0.307471
66,9800,2,0.270051
66,9800,3,0.505620
66,9800,4,0.448576
66,9800,5,0.263869
66,9800,6,0.455220
66,10000,1,0.315373
66,10000,2,0.137490
66,10000,3,0.368548
66,10000,4,0.400479
66,10000,5,0.289685
66,10000,6,0.417721
70,1000,1,1.199675
70,1000,2,1.193274
70,1000,3,1.209307
70,1000,4,1.212594
70,1000,5,1.655244
70,1000,6,1.213442
70,1200,1,0.756865
70,1200,2,1.211145
70,1200,3,0.466320
70,1200,4,1.197714
70,1200,5,1.215247
70,1200,6,1.230966
70,1400,1,1.217938
70,1400,2,1.215659
70,1400,3,0.980643
70,1400,4,0.403361
70,1400,5,1.656753
70,1400,6,0.656656
70,1600,1,0.560566
70,1600,2,0.656621
70,1600,3,0.204198
70,1600,4,1.656532
70,1600,5,0.444242
70,1600,6,1.202220
70,1800,1,1.217021
70,1800,2,0.758829
70,1800,3,1.218614
70,1800,4,0.360809
70,1800,5,0.626785
70,1800,6,0.760742
70,2000,1,1.205141
70,2000,2,0.686864
70,2000,3,0.493174
70,2000,4,0.484838
70,2000,5,0.541042
70,2000,6,0.245106
70,2200,1,0.763196
70,2200,2,0.293039
70,2200,3,0.486283
70,2200,4,0.474956
70,2200,5,0.313677
70,2200,6,0.259843
70,2400,1,0.318211
70,2400,2,0.191281
70,2400,3,0.428298
70,2400,4,0.491686
70,2400,5,0.566408
70,2400,6,0.204380
70,2600,1,0.704225
70,2600,2,0.522899
70,2600,3,0.558375
70,2600,4,0.248296
70,2600,5,0.295172
70,2600,6,0.286319
70,2800,1,0.247451
70,2800,2,0.130264
70,2800,3,0.379071
70,2800,4,0.483059
70,2800,5,0.097291
70,2800,6,0.226083
70,3000,1,0.285691
70,3000,2,0.541119
70,3000,3,0.380815
70,3000,4,0.406908
70,3000,5,0.579393
70,3000,6,0.244126
70,3200,1,0.697983
70,3200,2,0.228110
70,3200,3,0.542110
70,3200,4,0.546004
70,3200,5,0.136437
70,3200,6,0.387148
70,3400,1,0.225469
70,3400,2,0.534045
70,3400,3,0.539265
70,3400,4,0.233600
70,3400,5,0.541554
70,3400,6,0.330802
70,3600,1,0.244186
70,3600,2,0.314494
70,3600,3,0.265557
70,3600,4,0.304050
70,3600,5,0.516935
70,3600,6,0.465058
70,3800,1,0.177784
70,3800,2,0.228807
70,3800,3,0.839910
70,3800,4,0.645165
70,3800,5,0.589981
70,3800,6,0.590384
70,4000,1,0.274766
70,4000,2,0.405999
70,4000,3,0.191752
70,4000,4,0.538972
70,4000,5,0.529723
70,4000,6,0.236390
70,4200,1,0.202434
70,4200,2,0.355900
70,4200,3,0.666332
70,4200,4,0.156352
70,4200,5,0.540568
70,4200,6,0.520024
70,4400,1,0.099365
70,4400,2,0.464902
70,4400,3,0.595860
70,4400,4,0.495449
70,4400,5,0.377920
70,4400,6,0.364683
70,4600,1,0.467199
70,4600,2,0.647982
70,4600,3,0.529450
70,4600,4,0.594363
70,4600,5,0.598271
70,4600,6,0.166653
70,4800,1,0.538657
70,4800,2,0.536500
70,4800,3,0.196047
70,4800,4,0.244793
70,4800,5,0.279953
70,4800,6,0.475954
70,5000,1,0.305092
70,5000,2,0.398858
70,5000,3,0.459595
70,5000,4,0.310159
70,5000,5,0.155676
70,5000,6,0.150168
70,5200,1,0.221695
70,5200,2,0.501218
70,5200,3,0.294551
70,5200,4,0.345909
70,5200,5,0.314983
70,5200,6,0.320413
70,5400,1,0.328515
70,5400,2,0.463540
70,5400,3,0.393847
70,5400,4,0.412988
70,5400,5,0.371346
70,5400,6,0.528611
70,5600,1,0.375539
70,5600,2,0.541507
70,5600,3,0.538449
70,5600,4,0.454155
70,5600,5,0.394796
70,5600,6,0.611810
70,5800,1,0.553286
70,5800,2,0.244041
70,5800,3,0.553483
70,5800,4,0.498318
70,5800,5,0.549297
70,5800,6,0.260867
70,6000,1,0.107375
70,6000,2,0.115610
70,6000,3,0.466927
70,6000,4,0.209880
70,6000,5,0.428642
70,6000,6,0.279953
70,6200,1,0.480356
70,6200,2,0.507128
70,6200,3,0.274514
70,6200,4,0.294436
70,6200,5,0.698753
70,6200,6,0.259570
70,6400,1,0.225939
70,6400,2,0.535920
70,6400,3,0.326108
70,6400,4,0.373793
70,6400,5,0.817655
70,6400,6,0.570025
70,6600,1,0.554554
70,6600,2,0.224592
70,6600,3,0.570350
70,6600,4,0.560140
70,6600,5,0.338072
70,6600,6,0.283100
70,6800,1,0.627735
70,6800,2,0.453532
70,6800,3,0.330486
70,6800,4,0.487296
70,6800,5,0.316449
70,6800,6,0.483563
70,7000,1,0.481555
70,7000,2,0.096876
70,7000,3,0.275126
70,7000,4,0.348756
70,7000,5,0.750394
70,7000,6,0.598772
70,7200,1,0.651569
70,7200,2,0.154072
70,7200,3,0.261067
70,7200,4,0.211787
70,7200,5,0.444022
70,7200,6,0.515596
70,7400,1,0.510118
70,7400,2,0.372633
70,7400,3,0.483782
70,7400,4,0.388520
70,7400,5,0.602935
70,7400,6,0.451695
70,7600,1,0.166183
70,7600,2,0.336615
70,7600,3,0.175042
70,7600,4,0.396911
70,7600,5,0.309203
70,7600,6,0.504684
70,7800,1,0.527547
70,7800,2,0.237727
70,7800,3,0.461558
70,7800,4,0.543144
70,7800,5,0.476321
70,7800,6,0.196039
70,8000,1,0.487031
70,8000,2,0.287103
70,8000,3,0.666110
70,8000,4,0.216636
70,8000,5,0.187837
70,8000,6,0.343198
70,8200,1,0.644579
70,8200,2,0.530701
70,8200,3,0.124711
70,8200,4,0.364394
70,8200,5,0.138788
70,8200,6,0.535852
70,8400,1,0.443034
70,8400,2,0.218388
70,8400,3,0.573836
70,8400,4,0.801565
70,8400,5,0.479571
70,8400,6,0.592973
70,8600,1,0.199130
70,8600,2,0.246611
70,8600,3,0.588849
70,8600,4,0.447706
70,8600,5,0.209904
70,8600,6,0.184019
70,8800,1,0.592698
70,8800,2,0.474807
70,8800,3,0.356653
70,8800,4,0.259878
70,8800,5,0.607032
70,8800,6,0.604343
70,9000,1,0.444358
70,9000,2,0.285029
70,9000,3,0.664553
70,9000,4,0.448464
70,9000,5,0.204314
70,9000,6,0.246284
70,9200,1,0.754517
70,9200,2,0.529665
70,9200,3,0.125045
70,9200,4,0.312520
70,9200,5,0.153021
70,9200,6,0.492298
70,9400,1,0.731343
70,9400,2,0.295687
70,9400,3,0.493672
70,9400,4,0.307675
70,9400,5,0.595113
70,9400,6,0.593953
70,9600,1,0.546076
70,9600,2,0.484246
70,9600,3,0.388833
70,9600,4,0.476290
70,9600,5,0.576598
70,9600,6,0.453814
70,9800,1,0.484673
70,9800,2,0.240191
70,9800,3,0.402648
70,9800,4,0.606536
70,9800,5,0.214724
70,9800,6,0.501706
70,10000,1,0.231152
70,10000,2,0.467684
70,10000,3,0.628997
70,10000,4,0.320358
70,10000,5,0.475630
70,10000,6,0.476054
74,1000,1,1.211135
74,1000,2,1.654966
74,1000,3,0.754144
74,1000,4,1.656227
74,1000,5,1.212659
74,1000,6,1.215584
74,1200,1,0.656313
74,1200,2,1.657054
74,1200,3,1.211866
74,1200,4,0.753132
74,1200,5,1.212144
74,1200,6,0.660029
74,1400,1,1.212847
74,1400,2,1.212899
74,1400,3,1.212502
74,1400,4,0.609520
74,1400,5,0.314492
74,1400,6,0.264870
74,1600,1,1.202344
74,1600,2,0.752994
74,1600,3,0.256481
74,1600,4,0.647286
74,1600,5,0.488025
74,1600,6,0.482267
74,1800,1,1.661785
74,1800,2,0.554854
74,1800,3,0.481436
74,1800,4,0.343097
74,1800,5,0.187188
74,1800,6,1.203597
74,2000,1,0.487769
74,2000,2,0.196300
74,2000,3,0.758841
74,2000,4,0.345992
74,2000,5,0.461243
74,2000,6,1.211632
74,2200,1,0.237279
74,2200,2,1.206056
74,2200,3,0.242649
74,2200,4,0.338798
74,2200,5,0.735113
74,2200,6,0.272892
74,2400,1,0.544176
74,2400,2,0.208614
74,2400,3,0.347513
74,2400,4,0.136340
74,2400,5,0.762680
74,2400,6,0.326302
74,2600,1,0.467257
74,2600,2,0.563282
74,2600,3,0.410605
74,2600,4,0.173749
74,2600,5,0.274371
74,2600,6,0.183875
74,2800,1,0.325960
74,2800,2,0.679541
74,2800,3,0.368277
74,2800,4,0.323059
74,2800,5,0.493095
74,2800,6,0.175534
74,3000,1,0.199038
74,3000,2,0.596507
74,3000,3,0.701370
74,3000,4,0.565497
74,3000,5,0.363942
74,3000,6,0.251869
74,3200,1,0.701785
74,3200,2,0.377589
74,3200,3,0.457251
74,3200,4,0.269659
74,3200,5,0.517741
74,3200,6,0.199138
74,3400,1,0.255399
74,3400,2,0.236852
74,3400,3,0.412900
74,3400,4,0.211289
74,3400,5,0.211310
74,3400,6,0.402164
74,3600,1,0.189174
74,3600,2,0.284742
74,3600,3,0.092895
74,3600,4,0.355416
74,3600,5,0.211236
74,3600,6,0.337908
74,3800,1,0.347585
74,3800,2,0.519111
74,3800,3,0.716525
74,3800,4,0.559161
74,3800,5,0.517022
74,3800,6,0.461512
74,4000,1,0.354067
74,4000,2,0.652171
74,4000,3,0.466006
74,4000,4,0.314261
74,4000,5,0.305338
74,4000,6,0.292582
74,4200,1,0.336202
74,4200,2,0.148819
74,4200,3,0.299753
74,4200,4,0.209824
74,4200,5,0.213915
74,4200,6,0.577652
74,4400,1,0.332820
74,4400,2,0.340441
74,4400,3,0.305990
74,4400,4,0.287093
74,4400,5,0.559001
74,4400,6,0.474311
74,4600,1,0.188875
74,4600,2,0.421290
74,4600,3,0.523980
74,4600,4,0.529709
74,4600,5,0.550497
74,4600,6,0.650781
74,4800,1,0.568071
74,4800,2,0.677086
74,4800,3,0.137887
74,4800,4,0.498437
74,4800,5,0.506823
74,4800,6,0.618424
74,5000,1,0.314734
74,5000,2,0.284034
74,5000,3,0.218576
74,5000,4,0.557078
74,5000,5,0.406549
74,5000,6,0.318439
74,5200,1,0.530614
74,5200,2,0.240573
74,5200,3,0.456990
74,5200,4,0.514003
74,5200,5,0.606972
74,5200,6,0.100900
74,5400,1,0.414030
74,5400,2,0.656141
74,5400,3,0.332619
74,5400,4,0.549538
74,5400,5,0.703079
74,5400,6,0.580350
74,5600,1,0.461908
74,5600,2,0.198320
74,5600,3,0.494026
74,5600,4,0.226694
74,5600,5,0.264582
74,5600,6,0.166444
74,5800,1,0.635539
74,5800,2,0.255463
74,5800,3,0.625957
74,5800,4,0.219665
74,5800,5,0.289307
74,5800,6,0.671778
74,6000,1,0.395090
74,6000,2,0.437135
74,6000,3,0.136027
74,6000,4,0.541866
74,6000,5,0.163748
74,6000,6,0.587833
74,6200,1,0.435292
74,6200,2,0.648937
74,6200,3,0.561969
74,6200,4,0.310945
74,6200,5,0.364071
74,6200,6,0.670471
74,6400,1,0.526559
74,6400,2,0.510475
74,6400,3,0.208234
74,6400,4,0.633832
74,6400,5,0.326972
74,6400,6,0.490588
74,6600,1,0.154963
74,6600,2,0.440547
74,6600,3,0.544144
74,6600,4,0.549350
74,6600,5,0.528453
74,6600,6,0.265005
74,6800,1,0.502010
74,6800,2,0.566736
74,6800,3,0.187232
74,6800,4,0.287428
74,6800,5,0.548471
74,6800,6,0.565094
74,7000,1,0.542504
74,7000,2,0.524256
74,7000,3,0.448560
74,7000,4,0.250654
74,7000,5,0.605656
74,7000,6,0.628473
74,7200,1,0.728766
74,7200,2,0.220043
74,7200,3,0.326701
74,7200,4,0.547967
74,7200,5,0.149850
74,7200,6,0.397885
74,7400,1,0.404630
74,7400,2,0.344454
74,7400,3,0.511402
74,7400,4,0.249415
74,7400,5,0.335325
74,7400,6,0.252988
74,7600,1,0.240328
74,7600,2,0.423168
74,7600,3,0.416450
74,7600,4,0.484572
74,7600,5,0.628431
74,7600,6,0.341362
74,7800,1,0.334480
74,7800,2,0.724363
74,7800,3,0.489631
74,7800,4,0.555801
74,7800,5,0.212301
74,7800,6,0.327719
74,8000,1,0.236293
74,8000,2,0.229765
74,8000,3,0.623020
74,8000,4,0.572391
74,8000,5,0.560661
74,8000,6,0.217334
74,8200,1,0.212930
74,8200,2,0.643743
74,8200,3,0.412957
74,8200,4,0.243742
74,8200,5,0.536909
74,8200,6,0.231138
74,8400,1,0.323986
74,8400,2,0.269225
74,8400,3,0.722094
74,8400,4,0.298377
74,8400,5,0.687179
74,8400,6,0.144946
74,8600,1,0.610312
74,8600,2,0.236198
74,8600,3,0.301458
74,8600,4,0.242925
74,8600,5,0.363834
74,8600,6,0.322907
74,8800,1,nan
74,8800,2,0.320827
74,8800,3,0.442323
74,8800,4,0.351198
74,8800,5,0.420478
74,8800,6,0.613614
74,9000,1,0.559718
74,9000,2,0.590847
74,9000,3,0.564852
74,9000,4,0.679952
74,9000,5,0.385801
74,9000,6,0.521647
74,9200,1,0.326607
74,9200,2,0.630629
74,9200,3,0.458643
74,9200,4,0.523892
74,9200,5,0.156070
74,9200,6,0.475041
74,9400,1,0.521426
74,9400,2,0.675707
74,9400,3,0.544135
74,9400,4,0.105882
74,9400,5,0.659034
74,9400,6,0.354151
74,9600,1,0.301559
74,9600,2,0.424935
74,9600,3,0.481433
74,9600,4,0.287217
74,9600,5,0.296178
74,9600,6,0.294639
74,9800,1,0.730127
74,9800,2,0.757876
74,9800,3,0.149897
74,9800,4,0.632414
74,9800,5,0.578688
74,9800,6,0.308533
74,10000,1,0.392034
74,10000,2,0.528844
74,10000,3,0.646626
74,10000,4,0.514851
74,10000,5,0.344390
74,10000,6,0.582126
78,1000,1,0.555669
78,1000,2,1.655468
78,1000,3,1.195509
78,1000,4,1.211508
78,1000,5,0.658891
78,1000,6,1.213094
78,1200,1,0.660447
78,1200,2,0.592201
78,1200,3,1.213025
78,1200,4,0.381077
78,1200,5,1.655727
78,1200,6,1.213164
78,1400,1,1.211652
78,1400,2,0.373212
78,1400,3,0.757529
78,1400,4,1.221478
78,1400,5,1.196785
78,1400,6,0.755014
78,1600,1,0.656717
78,1600,2,1.214179
78,1600,3,0.758820
78,1600,4,0.247404
78,1600,5,0.284576
78,1600,6,1.202388
78,1800,1,0.406114
78,1800,2,0.580248
78,1800,3,0.165358
78,1800,4,0.482961
78,1800,5,0.729002
78,1800,6,1.202271
78,2000,1,0.153553
78,2000,2,0.131517
78,2000,3,0.521899
78,2000,4,0.376152
78,2000,5,0.488074
78,2000,6,0.579620
78,2200,1,0.547848
78,2200,2,0.077303
78,2200,3,0.234591
78,2200,4,0.573090
78,2200,5,0.762604
78,2200,6,0.588811
78,2400,1,0.426728
78,2400,2,0.401235
78,2400,3,0.347960
78,2400,4,0.296661
78,2400,5,0.748063
78,2400,6,0.612888
78,2600,1,0.208931
78,2600,2,0.222116
78,2600,3,0.305611
78,2600,4,0.450384
78,2600,5,0.387504
78,2600,6,0.501208
78,2800,1,0.317609
78,2800,2,0.295726
78,2800,3,0.414066
78,2800,4,0.234096
78,2800,5,0.551927
78,2800,6,0.305803
78,3000,1,0.510825
78,3000,2,0.116885
78,3000,3,0.665619
78,3000,4,0.336437
78,3000,5,0.564279
78,3000,6,0.277752
78,3200,1,0.222086
78,3200,2,0.418232
78,3200,3,0.425167
78,3200,4,0.320618
78,3200,5,0.663104
78,3200,6,0.136032
78,3400,1,0.483102
78,3400,2,0.480723
78,3400,3,0.306817
78,3400,4,0.110397
78,3400,5,0.533602
78,3400,6,0.292030
78,3600,1,0.623374
78,3600,2,0.531127
78,3600,3,0.590336
78,3600,4,0.339033
78,3600,5,0.613796
78,3600,6,0.200122
78,3800,1,0.207113
78,3800,2,0.714962
78,3800,3,0.803017
78,3800,4,0.372443
78,3800,5,0.582014
78,3800,6,0.210260
78,4000,1,0.404442
78,4000,2,0.505019
78,4000,3,0.485828
78,4000,4,0.544600
78,4000,5,0.560829
78,4000,6,0.157709
78,4200,1,0.350097
78,4200,2,0.529480
78,4200,3,0.363412
78,4200,4,0.382138
78,4200,5,0.561426
78,4200,6,0.378178
78,4400,1,0.507512
78,4400,2,0.640584
78,4400,3,0.262507
78,4400,4,0.610674
78,4400,5,0.487151
78,4400,6,0.492403
78,4600,1,0.519447
78,4600,2,0.310914
78,4600,3,0.594750
78,4600,4,0.604388
78,4600,5,0.600925
78,4600,6,0.547222
78,4800,1,0.219850
78,4800,2,0.343667
78,4800,3,0.552811
78,4800,4,0.630135
78,4800,5,0.500754
78,4800,6,0.601731
78,5000,1,0.462527
78,5000,2,0.239007
78,5000,3,0.290637
78,5000,4,0.302960
78,5000,5,0.599556
78,5000,6,0.241799
78,5200,1,0.533243
78,5200,2,0.139117
78,5200,3,0.258055
78,5200,4,0.462535
78,5200,5,0.630198
78,5200,6,0.262130
78,5400,1,0.434243
78,5400,2,0.481432
78,5400,3,0.584328
78,5400,4,0.668084
78,5400,5,0.094053
78,5400,6,0.519462
78,5600,1,0.468475
78,5600,2,0.233664
78,5600,3,0.235469
78,5600,4,0.431083
78,5600,5,0.240959
78,5600,6,0.610608
78,5800,1,0.090901
78,5800,2,0.427304
78,5800,3,0.567535
78,5800,4,0.662992
78,5800,5,0.854364
78,5800,6,0.642587
78,6000,1,0.613713
78,6000,2,0.292751
78,6000,3,0.300956
78,6000,4,0.209466
78,6000,5,0.678549
78,6000,6,0.469784
78,6200,1,0.655136
78,6200,2,0.600548
78,6200,3,0.510472
78,6200,4,0.218771
78,6200,5,0.248654
78,6200,6,0.545752
78,6400,1,0.544009
78,6400,2,0.262257
78,6400,3,0.187425
78,6400,4,0.467139
78,6400,5,0.661662
78,6400,6,0.265680
78,6600,1,0.683072
78,6600,2,0.697759
78,6600,3,0.359357
78,6600,4,0.348568
78,6600,5,0.389331
78,6600,6,0.582520
78,6800,1,0.291692
78,6800,2,0.272050
78,6800,3,0.495469
78,6800,4,0.177837
78,6800,5,0.552607
78,6800,6,0.306453
78,7000,1,0.483086
78,7000,2,0.490539
78,7000,3,0.679235
78,7000,4,0.555413
78,7000,5,0.200584
78,7000,6,0.632044
78,7200,1,0.249225
78,7200,2,0.607075
78,7200,3,0.527770
78,7200,4,0.538689
78,7200,5,0.423615
78,7200,6,0.214094
78,7400,1,0.122390
78,7400,2,0.647118
78,7400,3,0.629138
78,7400,4,0.470305
78,7400,5,0.684040
78,7400,6,0.408679
78,7600,1,0.610753
78,7600,2,0.712502
78,7600,3,0.569935
78,7600,4,0.690286
78,7600,5,0.537555
78,7600,6,0.569941
78,7800,1,0.240813
78,7800,2,0.276299
78,7800,3,0.262764
78,7800,4,0.403647
78,7800,5,0.336688
78,7800,6,0.554095
78,8000,1,0.363609
78,8000,2,0.488055
78,8000,3,0.297059
78,8000,4,0.468010
78,8000,5,0.575500
78,8000,6,0.487729
78,8200,1,0.483642
78,8200,2,0.596482
78,8200,3,0.266015
78,8200,4,0.158227
78,8200,5,0.234448
78,8200,6,0.780718
78,8400,1,0.620002
78,8400,2,0.527825
78,8400,3,0.534418
78,8400,4,0.511954
78,8400,5,0.532237
78,8400,6,0.498694
78,8600,1,0.331697
78,8600,2,0.505770
78,8600,3,0.232150
78,8600,4,0.297468
78,8600,5,0.487133
78,8600,6,0.550891
78,8800,1,0.232414
78,8800,2,0.252498
78,8800,3,0.246086
78,8800,4,0.652538
78,8800,5,0.345054
78,8800,6,0.459986
78,9000,1,0.533721
78,9000,2,0.530476
78,9000,3,0.577088
78,9000,4,0.538013
78,9000,5,0.376883
78,9000,6,0.224309
78,9200,1,0.479005
78,9200,2,0.569827
78,9200,3,0.637077
78,9200,4,0.666469
78,9200,5,0.271703
78,9200,6,0.358070
78,9400,1,0.410374
78,9400,2,0.529830
78,9400,3,0.254876
78,9400,4,0.303725
78,9400,5,0.551899
78,9400,6,0.408558
78,9600,1,0.510829
78,9600,2,0.548972
78,9600,3,0.565171
78,9600,4,0.648800
78,9600,5,0.385917
78,9600,6,0.427208
78,9800,1,0.273855
78,9800,2,0.143272
78,9800,3,0.496009
78,9800,4,0.447434
78,9800,5,0.379563
78,9800,6,0.243423
78,10000,1,0.621560
78,10000,2,0.463582
78,10000,3,0.595137
78,10000,4,0.495162
78,10000,5,0.262046
78,10000,6,0.423103
82,1000,1,1.213392
82,1000,2,1.211878
82,1000,3,0.655448
82,1000,4,1.211263
82,1000,5,1.653373
82,1000,6,1.216094
82,1200,1,0.600382
82,1200,2,1.217875
82,1200,3,0.655738
82,1200,4,1.211536
82,1200,5,1.661416
82,1200,6,0.341877
82,1400,1,0.417765
82,1400,2,1.212249
82,1400,3,0.158497
82,1400,4,0.737977
82,1400,5,1.656530
82,1400,6,1.210953
82,1600,1,0.499715
82,1600,2,0.344591
82,1600,3,0.759647
82,1600,4,0.619840
82,1600,5,0.600337
82,1600,6,0.230300
82,1800,1,1.203846
82,1800,2,0.434935
82,1800,3,0.484248
82,1800,4,1.203360
82,1800,5,1.657905
82,1800,6,0.343107
82,2000,1,0.481944
82,2000,2,0.762067
82,2000,3,0.344626
82,2000,4,0.762946
82,2000,5,0.213505
82,2000,6,0.228965
82,2200,1,0.640813
82,2200,2,0.452232
82,2200,3,1.206480
82,2200,4,0.623994
82,2200,5,0.760018
82,2200,6,0.763087
82,2400,1,0.323412
82,2400,2,0.486815
82,2400,3,0.345865
82,2400,4,0.487367
82,2400,5,0.233786
82,2400,6,0.571358
82,2600,1,0.178845
82,2600,2,0.292618
82,2600,3,0.148853
82,2600,4,0.461844
82,2600,5,0.570675
82,2600,6,0.224837
82,2800,1,0.210075
82,2800,2,0.365987
82,2800,3,0.266191
82,2800,4,0.617002
82,2800,5,0.479005
82,2800,6,0.452893
82,3000,1,0.146042
82,3000,2,0.242470
82,3000,3,0.477815
82,3000,4,0.344657
82,3000,5,0.314043
82,3000,6,0.471781
82,3200,1,0.595665
82,3200,2,0.178550
82,3200,3,0.440639
82,3200,4,0.631908
82,3200,5,0.172561
82,3200,6,0.618724
82,3400,1,0.331102
82,3400,2,0.262386
82,3400,3,0.196986
82,3400,4,0.479078
82,3400,5,0.631986
82,3400,6,0.255762
82,3600,1,0.424859
82,3600,2,0.589630
82,3600,3,0.526308
82,3600,4,0.570037
82,3600,5,0.201964
82,3600,6,0.219768
82,3800,1,0.206994
82,3800,2,0.584175
82,3800,3,0.224001
82,3800,4,0.463787
82,3800,5,0.551734
82,3800,6,0.257765
82,4000,1,0.467872
82,4000,2,0.094133
82,4000,3,0.374873
82,4000,4,0.452867
82,4000,5,0.607397
82,4000,6,0.364273
82,4200,1,0.413420
82,4200,2,0.475642
82,4200,3,0.351893
82,4200,4,0.357206
82,4200,5,0.205850
82,4200,6,0.255175
82,4400,1,0.366312
82,4400,2,0.151976
82,4400,3,0.584973
82,4400,4,0.536091
82,4400,5,0.158723
82,4400,6,0.536054
82,4600,1,0.358105
82,4600,2,0.383466
82,4600,3,0.684764
82,4600,4,0.257840
82,4600,5,0.422243
82,4600,6,0.205020
82,4800,1,0.573296
82,4800,2,0.576586
82,4800,3,0.536954
82,4800,4,0.537584
82,4800,5,0.325075
82,4800,6,0.463145
82,5000,1,0.225326
82,5000,2,0.256219
82,5000,3,0.107823
82,5000,4,0.230636
82,5000,5,0.559172
82,5000,6,0.291637
82,5200,1,0.504232
82,5200,2,0.160763
82,5200,3,0.518778
82,5200,4,0.279274
82,5200,5,0.380032
82,5200,6,0.474603
82,5400,1,0.191692
82,5400,2,0.483805
82,5400,3,0.604765
82,5400,4,0.202665
82,5400,5,0.633408
82,5400,6,0.535487
82,5600,1,0.533309
82,5600,2,0.415226
82,5600,3,0.278640
82,5600,4,0.146677
82,5600,5,0.581702
82,5600,6,0.239457
82,5800,1,0.544966
82,5800,2,0.357734
82,5800,3,0.615021
82,5800,4,0.437651
82,5800,5,0.320565
82,5800,6,0.465612
82,6000,1,0.298150
82,6000,2,0.231400
82,6000,3,0.663683
82,6000,4,0.531006
82,6000,5,0.569926
82,6000,6,0.525777
82,6200,1,0.481102
82,6200,2,0.540152
82,6200,3,0.499391
82,6200,4,0.250577
82,6200,5,0.727535
82,6200,6,0.197094
82,6400,1,0.560093
82,6400,2,0.223574
82,6400,3,0.316935
82,6400,4,0.462423
82,6400,5,0.440192
82,6400,6,0.581894
82,6600,1,0.271271
82,6600,2,0.537711
82,6600,3,0.426776
82,6600,4,0.488710
82,6600,5,0.462386
82,6600,6,0.237373
82,6800,1,0.372300
82,6800,2,0.386553
82,6800,3,0.662524
82,6800,4,0.486546
82,6800,5,0.383233
82,6800,6,0.348423
82,7000,1,0.448887
82,7000,2,0.296544
82,7000,3,0.217177
82,7000,4,0.136224
82,7000,5,0.845929
82,7000,6,0.156580
82,7200,1,0.503821
82,7200,2,0.429891
82,7200,3,0.403800
82,7200,4,0.167713
82,7200,5,0.488475
82,7200,6,0.271310
82,7400,1,0.184357
82,7400,2,0.364672
82,7400,3,0.479202
82,7400,4,0.528686
82,7400,5,0.649895
82,7400,6,0.575792
82,7600,1,0.129268
82,7600,2,0.308720
82,7600,3,0.605909
82,7600,4,0.243762
82,7600,5,0.454557
82,7600,6,0.516174
82,7800,1,0.578954
82,7800,2,0.614736
82,7800,3,0.635230
82,7800,4,0.425609
82,7800,5,0.716783
82,7800,6,0.295116
82,8000,1,0.244192
82,8000,2,0.588905
82,8000,3,0.287799
82,8000,4,0.689482
82,8000,5,0.137080
82,8000,6,0.298837
82,8200,1,0.200594
82,8200,2,0.270458
82,8200,3,0.443149
82,8200,4,0.413278
82,8200,5,0.491488
82,8200,6,0.501287
82,8400,1,0.740767
82,8400,2,0.682586
82,8400,3,0.621946
82,8400,4,0.563212
82,8400,5,0.274270
82,8400,6,0.464735
82,8600,1,0.396512
82,8600,2,0.552203
82,8600,3,0.165153
82,8600,4,0.132757
82,8600,5,0.527945
82,8600,6,0.340956
82,8800,1,0.473220
82,8800,2,0.575134
82,8800,3,0.224872
82,8800,4,0.544778
82,8800,5,0.599265
82,8800,6,0.565702
82,9000,1,0.515371
82,9000,2,0.473390
82,9000,3,0.349053
82,9000,4,0.592267
82,9000,5,0.583082
82,9000,6,0.649230
82,9200,1,0.586247
82,9200,2,0.606667
82,9200,3,0.514290
82,9200,4,0.438676
82,9200,5,0.103722
82,9200,6,0.554760
82,9400,1,0.427834
82,9400,2,0.157892
82,9400,3,0.222372
82,9400,4,0.281284
82,9400,5,0.447899
82,9400,6,0.540232
82,9600,1,0.447209
82,9600,2,0.301951
82,9600,3,0.553106
82,9600,4,0.710073
82,9600,5,0.630422
82,9600,6,0.388775
82,9800,1,0.114681
82,9800,2,0.375675
82,9800,3,0.583779
82,9800,4,0.274454
82,9800,5,0.208596
82,9800,6,0.475981
82,10000,1,0.369999
82,10000,2,0.281293
82,10000,3,0.434084
82,10000,4,0.409123
82,10000,5,0.289338
82,10000,6,0.357539
86,1000,1,1.195470
86,1000,2,0.752981
86,1000,3,1.654352
86,1000,4,1.655758
86,1000,5,0.333341
86,1000,6,1.214576
86,1200,1,1.211210
86,1200,2,1.196589
86,1200,3,0.446388
86,1200,4,0.741930
86,1200,5,1.196823
86,1200,6,1.660151
86,1400,1,0.756522
86,1400,2,1.212525
86,1400,3,0.624524
86,1400,4,0.661260
86,1400,5,0.754509
86,1400,6,0.658399
86,1600,1,0.656927
86,1600,2,0.201565
86,1600,3,0.645186
86,1600,4,0.596558
86,1600,5,0.171739
86,1600,6,0.613176
86,1800,1,1.205200
86,1800,2,1.200174
86,1800,3,0.658217
86,1800,4,0.665098
86,1800,5,0.390387
86,1800,6,1.203878
86,2000,1,0.527873
86,2000,2,0.765185
86,2000,3,0.557752
86,2000,4,0.344953
86,2000,5,0.276837
86,2000,6,0.339660
86,2200,1,0.607271
86,2200,2,0.569827
86,2200,3,0.510456
86,2200,4,0.481483
86,2200,5,0.766545
86,2200,6,0.285322
86,2400,1,0.584243
86,2400,2,0.547077
86,2400,3,0.347303
86,2400,4,0.435773
86,2400,5,0.271100
86,2400,6,0.344054
86,2600,1,0.272967
86,2600,2,0.151630
86,2600,3,0.536920
86,2600,4,0.351057
86,2600,5,0.563570
86,2600,6,0.661372
86,2800,1,0.298275
86,2800,2,0.406362
86,2800,3,0.517512
86,2800,4,0.569558
86,2800,5,0.358768
86,2800,6,0.225995
86,3000,1,0.586874
86,3000,2,0.138532
86,3000,3,0.588493
86,3000,4,0.213540
86,3000,5,0.178433
86,3000,6,0.246738
86,3200,1,0.362388
86,3200,2,0.511270
86,3200,3,0.160403
86,3200,4,0.585737
86,3200,5,0.586260
86,3200,6,0.413665
86,3400,1,0.281067
86,3400,2,0.238098
86,3400,3,0.683127
86,3400,4,0.302397
86,3400,5,0.373675
86,3400,6,0.828213
86,3600,1,0.303220
86,3600,2,0.347459
86,3600,3,0.261723
86,3600,4,0.460361
86,3600,5,0.693107
86,3600,6,0.279313
86,3800,1,0.540383
86,3800,2,0.541504
86,3800,3,0.538734
86,3800,4,0.134850
86,3800,5,0.286786
86,3800,6,0.678307
86,4000,1,0.344317
86,4000,2,0.617205
86,4000,3,0.538697
86,4000,4,0.453721
86,4000,5,0.577777
86,4000,6,0.509916
86,4200,1,0.872285
86,4200,2,0.217961
86,4200,3,0.545703
86,4200,4,0.617483
86,4200,5,0.160727
86,4200,6,0.483645
86,4400,1,0.243094
86,4400,2,0.237886
86,4400,3,0.651879
86,4400,4,0.146754
86,4400,5,0.500733
86,4400,6,0.091979
86,4600,1,0.219193
86,4600,2,0.206299
86,4600,3,0.544306
86,4600,4,0.617342
86,4600,5,0.557272
86,4600,6,0.450376
86,4800,1,0.161489
86,4800,2,0.243630
86,4800,3,0.712217
86,4800,4,0.334803
86,4800,5,0.289629
86,4800,6,0.493047
86,5000,1,0.498023
86,5000,2,0.496018
86,5000,3,0.280455
86,5000,4,0.654138
86,5000,5,0.605446
86,5000,6,0.543928
86,5200,1,0.515306
86,5200,2,0.291575
86,5200,3,0.722159
86,5200,4,0.499841
86,5200,5,0.280744
86,5200,6,0.595264
86,5400,1,0.551997
86,5400,2,0.605258
86,5400,3,0.334624
86,5400,4,0.485316
86,5400,5,0.443450
86,5400,6,0.473955
86,5600,1,0.482732
86,5600,2,0.324408
86,5600,3,0.589020
86,5600,4,0.524551
86,5600,5,0.381765
86,5600,6,0.269560
86,5800,1,0.675394
86,5800,2,0.548859
86,5800,3,0.463136
86,5800,4,0.187965
86,5800,5,0.519803
86,5800,6,0.506426
86,6000,1,0.221584
86,6000,2,0.491593
86,6000,3,0.456030
86,6000,4,0.284925
86,6000,5,0.604232
86,6000,6,0.646197
86,6200,1,0.389830
86,6200,2,0.476015
86,6200,3,0.489529
86,6200,4,0.593319
86,6200,5,0.425742
86,6200,6,0.542880
86,6400,1,0.549305
86,6400,2,0.278450
86,6400,3,0.292523
86,6400,4,0.325458
86,6400,5,0.363667
86,6400,6,0.583558
86,6600,1,0.489571
86,6600,2,0.624340
86,6600,3,0.726083
86,6600,4,0.579656
86,6600,5,0.121412
86,6600,6,0.607106
86,6800,1,0.262368
86,6800,2,0.299784
86,6800,3,0.221584
86,6800,4,0.218543
86,6800,5,0.178059
86,6800,6,0.314106
86,7000,1,0.327729
86,7000,2,0.642099
86,7000,3,0.465237
86,7000,4,0.581235
86,7000,5,0.315635
86,7000,6,0.200588
86,7200,1,0.480542
86,7200,2,0.429315
86,7200,3,0.312917
86,7200,4,0.411412
86,7200,5,0.468232
86,7200,6,0.414316
86,7400,1,0.473845
86,7400,2,0.327457
86,7400,3,0.226537
86,7400,4,0.512135
86,7400,5,0.483387
86,7400,6,0.592256
86,7600,1,0.633244
86,7600,2,0.509480
86,7600,3,0.568820
86,7600,4,0.280721
86,7600,5,0.292705
86,7600,6,0.277231
86,7800,1,0.565645
86,7800,2,0.352022
86,7800,3,0.401162
86,7800,4,0.423525
86,7800,5,0.380296
86,7800,6,0.518085
86,8000,1,0.508229
86,8000,2,0.613663
86,8000,3,0.571555
86,8000,4,0.223522
86,8000,5,0.352865
86,8000,6,0.289271
86,8200,1,0.650779
86,8200,2,0.627552
86,8200,3,0.346955
86,8200,4,0.162879
86,8200,5,0.634566
86,8200,6,0.300207
86,8400,1,0.609170
86,8400,2,0.598884
86,8400,3,0.716405
86,8400,4,0.166725
86,8400,5,0.555739
86,8400,6,0.324699
86,8600,1,0.271518
86,8600,2,0.415151
86,8600,3,0.494494
86,8600,4,0.139986
86,8600,5,0.616618
86,8600,6,0.535784
86,8800,1,0.216798
86,8800,2,0.400887
86,8800,3,0.279241
86,8800,4,0.391786
86,8800,5,0.292625
86,8800,6,0.669237
86,9000,1,0.353065
86,9000,2,0.410516
86,9000,3,0.423029
86,9000,4,0.229263
86,9000,5,0.339308
86,9000,6,0.571940
86,9200,1,0.353129
86,9200,2,0.577545
86,9200,3,0.218995
86,9200,4,0.559519
86,9200,5,0.571786
86,9200,6,0.224519
86,9400,1,0.477141
86,9400,2,0.376326
86,9400,3,0.615762
86,9400,4,0.598715
86,9400,5,0.186440
86,9400,6,0.426147
86,9600,1,0.217499
86,9600,2,0.221112
86,9600,3,0.436923
86,9600,4,0.672478
86,9600,5,0.304858
86,9600,6,0.227179
86,9800,1,0.473467
86,9800,2,0.351910
86,9800,3,0.154801
86,9800,4,0.639159
86,9800,5,0.747023
86,9800,6,0.165507
86,10000,1,0.518034
86,10000,2,0.210520
86,10000,3,0.472133
86,10000,4,0.300248
86,10000,5,0.467174
86,10000,6,0.507512
90,1000,1,1.655146
90,1000,2,1.209279
90,1000,3,1.654289
90,1000,4,1.213553
90,1000,5,1.212063
90,1000,6,1.222047
90,1200,1,1.657271
90,1200,2,0.657932
90,1200,3,1.212152
90,1200,4,1.655747
90,1200,5,1.211100
90,1200,6,1.194798
90,1400,1,0.657445
90,1400,2,1.663585
90,1400,3,1.200541
90,1400,4,1.211820
90,1400,5,1.214643
90,1400,6,1.215768
90,1600,1,0.588026
90,1600,2,1.202978
90,1600,3,0.656966
90,1600,4,0.757132
90,1600,5,0.692459
90,1600,6,0.660887
90,1800,1,0.367056
90,1800,2,0.490024
90,1800,3,0.258811
90,1800,4,0.606149
90,1800,5,0.762231
90,1800,6,0.643937
90,2000,1,0.693124
90,2000,2,0.693437
90,2000,3,0.597010
90,2000,4,0.739732
90,2000,5,0.249601
90,2000,6,0.228647
90,2200,1,0.576659
90,2200,2,0.405121
90,2200,3,0.344583
90,2200,4,0.083176
90,2200,5,0.395650
90,2200,6,0.630208
90,2400,1,0.349424
90,2400,2,0.486953
90,2400,3,0.374990
90,2400,4,0.474721
90,2400,5,0.598917
90,2400,6,0.564069
90,2600,1,0.200908
90,2600,2,0.592207
90,2600,3,0.263001
90,2600,4,0.233620
90,2600,5,0.173282
90,2600,6,0.110614
90,2800,1,0.260180
90,2800,2,0.290977
90,2800,3,0.566925
90,2800,4,0.550950
90,2800,5,0.556408
90,2800,6,0.560266
90,3000,1,0.598640
90,3000,2,0.327295
90,3000,3,0.271723
90,3000,4,0.523008
90,3000,5,0.566768
90,3000,6,0.430536
90,3200,1,0.248092
90,3200,2,0.558347
90,3200,3,0.450734
90,3200,4,0.539136
90,3200,5,0.106496
90,3200,6,0.177958
90,3400,1,0.704594
90,3400,2,0.394837
90,3400,3,0.291439
90,3400,4,0.404587
90,3400,5,0.307026
90,3400,6,0.215165
90,3600,1,0.319908
90,3600,2,0.315389
90,3600,3,0.556573
90,3600,4,0.599674
90,3600,5,0.545445
90,3600,6,0.188803
90,3800,1,0.257253
90,3800,2,0.317533
90,3800,3,0.229037
90,3800,4,0.121656
90,3800,5,0.561274
90,3800,6,0.494734
90,4000,1,0.656049
90,4000,2,0.287488
90,4000,3,0.201059
90,4000,4,0.117017
90,4000,5,0.581469
90,4000,6,0.172729
90,4200,1,0.273922
90,4200,2,0.645673
90,4200,3,0.512717
90,4200,4,0.502731
90,4200,5,0.236043
90,4200,6,0.558442
90,4400,1,0.416916
90,4400,2,0.187743
90,4400,3,0.336319
90,4400,4,0.581888
90,4400,5,0.621513
90,4400,6,0.333275
90,4600,1,0.344472
90,4600,2,0.332553
90,4600,3,0.194336
90,4600,4,0.530530
90,4600,5,0.326731
90,4600,6,0.186556
90,4800,1,0.415210
90,4800,2,0.438150
90,4800,3,0.559239
90,4800,4,0.264922
90,4800,5,0.358946
90,4800,6,0.462126
90,5000,1,0.247091
90,5000,2,0.626364
90,5000,3,0.501457
90,5000,4,0.249823
90,5000,5,0.622824
90,5000,6,0.158390
90,5200,1,0.342900
90,5200,2,0.605354
90,5200,3,0.394106
90,5200,4,0.496125
90,5200,5,0.137177
90,5200,6,0.231812
90,5400,1,0.234343
90,5400,2,0.348488
90,5400,3,0.460817
90,5400,4,0.450601
90,5400,5,0.257146
90,5400,6,0.203238
90,5600,1,0.682621
90,5600,2,0.514942
90,5600,3,0.707916
90,5600,4,0.705928
90,5600,5,0.609144
90,5600,6,0.465646
90,5800,1,0.421405
90,5800,2,0.543674
90,5800,3,0.705423
90,5800,4,0.374419
90,5800,5,0.226673
90,5800,6,0.743123
90,6000,1,0.465961
90,6000,2,0.598100
90,6000,3,0.228480
90,6000,4,0.326570
90,6000,5,0.557927
90,6000,6,0.460083
90,6200,1,0.284541
90,6200,2,0.357506
90,6200,3,0.596391
90,6200,4,0.492736
90,6200,5,0.241342
90,6200,6,0.406603
90,6400,1,0.244620
90,6400,2,0.474103
90,6400,3,0.483730
90,6400,4,0.530441
90,6400,5,0.244803
90,6400,6,0.482658
90,6600,1,0.245877
90,6600,2,0.365543
90,6600,3,0.244297
90,6600,4,0.760233
90,6600,5,0.501877
90,6600,6,0.247658
90,6800,1,0.226951
90,6800,2,0.205283
90,6800,3,0.638558
90,6800,4,0.261998
90,6800,5,0.577384
90,6800,6,0.401505
90,7000,1,0.402215
90,7000,2,0.570563
90,7000,3,0.209010
90,7000,4,0.304126
90,7000,5,0.294503
90,7000,6,0.466988
90,7200,1,0.269179
90,7200,2,0.312741
90,7200,3,0.561952
90,7200,4,0.610249
90,7200,5,0.295361
90,7200,6,0.281979
90,7400,1,0.644272
90,7400,2,0.505692
90,7400,3,0.209273
90,7400,4,0.642175
90,7400,5,0.351192
90,7400,6,0.292162
90,7600,1,0.248992
90,7600,2,0.332711
90,7600,3,0.512925
90,7600,4,0.544551
90,7600,5,0.625390
90,7600,6,0.143935
90,7800,1,0.650127
90,7800,2,0.562564
90,7800,3,0.649838
90,7800,4,0.596111
90,7800,5,0.723674
90,7800,6,0.393728
90,8000,1,0.504659
90,8000,2,0.321676
90,8000,3,0.575372
90,8000,4,0.330389
90,8000,5,0.299039
90,8000,6,0.348496
90,8200,1,0.359088
90,8200,2,0.537473
90,8200,3,0.603941
90,8200,4,0.354560
90,8200,5,0.404081
90,8200,6,0.274746
90,8400,1,0.373525
90,8400,2,0.556009
90,8400,3,0.488633
90,8400,4,0.626404
90,8400,5,0.543254
90,8400,6,0.107756
90,8600,1,0.517467
90,8600,2,0.277408
90,8600,3,0.303339
90,8600,4,0.503097
90,8600,5,0.210780
90,8600,6,0.470340
90,8800,1,0.422165
90,8800,2,0.198313
90,8800,3,0.120575
90,8800,4,0.505243
90,8800,5,0.584716
90,8800,6,0.552664
90,9000,1,0.385856
90,9000,2,0.383503
90,9000,3,0.427051
90,9000,4,0.155948
90,9000,5,0.226178
90,9000,6,0.221607
90,9200,1,0.373938
90,9200,2,0.440785
90,9200,3,0.472258
90,9200,4,0.537742
90,9200,5,0.575992
90,9200,6,0.393591
90,9400,1,0.326935
90,9400,2,0.497728
90,9400,3,0.267075
90,9400,4,0.243961
90,9400,5,0.275313
90,9400,6,0.614222
90,9600,1,0.316455
90,9600,2,0.700375
90,9600,3,0.226907
90,9600,4,0.501928
90,9600,5,0.405326
90,9600,6,0.170205
90,9800,1,0.175805
90,9800,2,0.488647
90,9800,3,0.110688
90,9800,4,0.545524
90,9800,5,0.768665
90,9800,6,0.647337
90,10000,1,0.330814
90,10000,2,0.505714
90,10000,3,0.511648
90,10000,4,0.210113
90,10000,5,0.641318
90,10000,6,0.425392
94,1000,1,1.198090
94,1000,2,0.655584
94,1000,3,1.212048
94,1000,4,1.656679
94,1000,5,1.208993
94,1000,6,0.658150
94,1200,1,1.214769
94,1200,2,1.214725
94,1200,3,0.643207
94,1200,4,1.216885
94,1200,5,1.214696
94,1200,6,0.756080
94,1400,1,0.675931
94,1400,2,1.212944
94,1400,3,0.477762
94,1400,4,1.216794
94,1400,5,0.253766
94,1400,6,1.200313
94,1600,1,0.664305
94,1600,2,1.213397
94,1600,3,0.666609
94,1600,4,0.753767
94,1600,5,0.759820
94,1600,6,0.758473
94,1800,1,1.203716
94,1800,2,0.152893
94,1800,3,0.341471
94,1800,4,0.482216
94,1800,5,0.485283
94,1800,6,0.566988
94,2000,1,0.670158
94,2000,2,0.351185
94,2000,3,0.486230
94,2000,4,0.463950
94,2000,5,0.588016
94,2000,6,0.447504
94,2200,1,0.244736
94,2200,2,0.358539
94,2200,3,0.556548
94,2200,4,0.139227
94,2200,5,0.485486
94,2200,6,0.499218
94,2400,1,0.214628
94,2400,2,0.239977
94,2400,3,0.203028
94,2400,4,0.334711
94,2400,5,0.520323
94,2400,6,0.400963
94,2600,1,0.226942
94,2600,2,0.513593
94,2600,3,0.236300
94,2600,4,0.618228
94,2600,5,0.200017
94,2600,6,0.617536
94,2800,1,0.502765
94,2800,2,0.215640
94,2800,3,0.494185
94,2800,4,0.432103
94,2800,5,0.091641
94,2800,6,0.091198
94,3000,1,0.575184
94,3000,2,0.191216
94,3000,3,0.212030
94,3000,4,0.462416
94,3000,5,0.457787
94,3000,6,0.297286
94,3200,1,0.246134
94,3200,2,0.214903
94,3200,3,0.188865
94,3200,4,0.540630
94,3200,5,0.456757
94,3200,6,0.214055
94,3400,1,0.107938
94,3400,2,0.479773
94,3400,3,0.518673
94,3400,4,0.308436
94,3400,5,0.279728
94,3400,6,0.365261
94,3600,1,0.635874
94,3600,2,0.533848
94,3600,3,0.229775
94,3600,4,0.197184
94,3600,5,0.284346
94,3600,6,0.198333
94,3800,1,0.550098
94,3800,2,0.510983
94,3800,3,0.442164
94,3800,4,0.603870
94,3800,5,0.180308
94,3800,6,0.542046
94,4000,1,0.538672
94,4000,2,0.116851
94,4000,3,0.578864
94,4000,4,0.307507
94,4000,5,0.595872
94,4000,6,0.190746
94,4200,1,0.323207
94,4200,2,0.461469
94,4200,3,0.197832
94,4200,4,0.516232
94,4200,5,0.626573
94,4200,6,0.286472
94,4400,1,0.535003
94,4400,2,0.185842
94,4400,3,0.189238
94,4400,4,0.478035
94,4400,5,0.561193
94,4400,6,0.272970
94,4600,1,0.217291
94,4600,2,0.195746
94,4600,3,0.157600
94,4600,4,0.559084
94,4600,5,0.613460
94,4600,6,0.280456
94,4800,1,0.456341
94,4800,2,0.545430
94,4800,3,0.226239
94,4800,4,0.508098
94,4800,5,0.205447
94,4800,6,0.527402
94,5000,1,0.527024
94,5000,2,0.589526
94,5000,3,0.485984
94,5000,4,0.220031
94,5000,5,0.089858
94,5000,6,0.724340
94,5200,1,0.489043
94,5200,2,0.286979
94,5200,3,0.553737
94,5200,4,0.209402
94,5200,5,0.655078
94,5200,6,0.388774
94,5400,1,0.583260
94,5400,2,0.561992
94,5400,3,0.530663
94,5400,4,0.644232
94,5400,5,0.221111
94,5400,6,0.181762
94,5600,1,0.310696
94,5600,2,0.479511
94,5600,3,0.164784
94,5600,4,0.530105
94,5600,5,0.591961
94,5600,6,0.527905
94,5800,1,0.190109
94,5800,2,0.251783
94,5800,3,0.102125
94,5800,4,0.550775
94,5800,5,0.268399
94,5800,6,0.219357
94,6000,1,0.590493
94,6000,2,0.530379
94,6000,3,0.502140
94,6000,4,0.726005
94,6000,5,0.579970
94,6000,6,0.312902
94,6200,1,0.341412
94,6200,2,0.460536
94,6200,3,0.249692
94,6200,4,0.480831
94,6200,5,0.225806
94,6200,6,0.219997
94,6400,1,0.526468
94,6400,2,0.493485
94,6400,3,0.542097
94,6400,4,0.307479
94,6400,5,0.182394
94,6400,6,0.578818
94,6600,1,0.259861
94,6600,2,0.383558
94,6600,3,0.431768
94,6600,4,0.247245
94,6600,5,0.287224
94,6600,6,0.703229
94,6800,1,0.181792
94,6800,2,0.269245
94,6800,3,0.553417
94,6800,4,0.533279
94,6800,5,0.522512
94,6800,6,0.492250
94,7000,1,0.581569
94,7000,2,0.319938
94,7000,3,0.172976
94,7000,4,0.209315
94,7000,5,0.286342
94,7000,6,0.481834
94,7200,1,0.247529
94,7200,2,0.368473
94,7200,3,0.461218
94,7200,4,0.130924
94,7200,5,0.569415
94,7200,6,0.270181
94,7400,1,0.307805
94,7400,2,0.558419
94,7400,3,0.311705
94,7400,4,0.482378
94,7400,5,0.524385
94,7400,6,0.480426
94,7600,1,0.524214
94,7600,2,0.554412
94,7600,3,0.215339
94,7600,4,0.384625
94,7600,5,0.141288
94,7600,6,0.349581
94,7800,1,0.571969
94,7800,2,0.359076
94,7800,3,0.572105
94,7800,4,0.154453
94,7800,5,0.231130
94,7800,6,0.295351
94,8000,1,0.153158
94,8000,2,0.559479
94,8000,3,0.539272
94,8000,4,0.147899
94,8000,5,0.528195
94,8000,6,0.400163
94,8200,1,0.290964
94,8200,2,0.243360
94,8200,3,0.223034
94,8200,4,0.485207
94,8200,5,0.571200
94,8200,6,0.581452
94,8400,1,0.226478
94,8400,2,0.425200
94,8400,3,0.206689
94,8400,4,0.206316
94,8400,5,0.247341
94,8400,6,0.483179
94,8600,1,0.253885
94,8600,2,0.148268
94,8600,3,0.478584
94,8600,4,0.460431
94,8600,5,0.529447
94,8600,6,0.594780
94,8800,1,0.299029
94,8800,2,0.526164
94,8800,3,0.505582
94,8800,4,0.291974
94,8800,5,0.143628
94,8800,6,0.586531
94,9000,1,0.311141
94,9000,2,0.513593
94,9000,3,0.306330
94,9000,4,nan
94,9000,5,0.387875
94,9000,6,0.137287
94,9200,1,0.392075
94,9200,2,0.524158
94,9200,3,0.570951
94,9200,4,0.497700
94,9200,5,0.303954
94,9200,6,0.471304
94,9400,1,0.635426
94,9400,2,0.610535
94,9400,3,0.791215
94,9400,4,0.388644
94,9400,5,0.374929
94,9400,6,0.319760
94,9600,1,0.489442
94,9600,2,0.529616
94,9600,3,0.207787
94,9600,4,0.520386
94,9600,5,0.282610
94,9600,6,0.320540
94,9800,1,0.554401
94,9800,2,0.376159
94,9800,3,0.477899
94,9800,4,0.589387
94,9800,5,0.540557
94,9800,6,0.763095
94,10000,1,0.234400
94,10000,2,0.390884
94,10000,3,0.565910
94,10000,4,0.594382
94,10000,5,0.118604
94,10000,6,0.514078
98,1000,1,1.652559
98,1000,2,1.212325
98,1000,3,1.653078
98,1000,4,1.211352
98,1000,5,1.204557
98,1000,6,1.212764
98,1200,1,1.653602
98,1200,2,0.336558
98,1200,3,1.214050
98,1200,4,1.217602
98,1200,5,1.219432
98,1200,6,1.658584
98,1400,1,0.585085
98,1400,2,1.196655
98,1400,3,0.657328
98,1400,4,1.218989
98,1400,5,0.472630
98,1400,6,0.639458
98,1600,1,0.652974
98,1600,2,0.612803
98,1600,3,0.593648
98,1600,4,0.546281
98,1600,5,0.188871
98,1600,6,1.204195
98,1800,1,0.316013
98,1800,2,0.659049
98,1800,3,0.483641
98,1800,4,0.395722
98,1800,5,0.344301
98,1800,6,1.206729
98,2000,1,0.758609
98,2000,2,0.510405
98,2000,3,0.650093
98,2000,4,0.182184
98,2000,5,0.689791
98,2000,6,0.230811
98,2200,1,0.161825
98,2200,2,0.344856
98,2200,3,0.145311
98,2200,4,0.405261
98,2200,5,0.402092
98,2200,6,0.513730
98,2400,1,0.348584
98,2400,2,0.180747
98,2400,3,0.531185
98,2400,4,0.085764
98,2400,5,0.766594
98,2400,6,0.214132
98,2600,1,0.234078
98,2600,2,0.415612
98,2600,3,0.426451
98,2600,4,0.217347
98,2600,5,0.527552
98,2600,6,0.251374
98,2800,1,0.692956
98,2800,2,0.437805
98,2800,3,0.193308
98,2800,4,0.508979
98,2800,5,0.185792
98,2800,6,0.355123
98,3000,1,0.543686
98,3000,2,0.545095
98,3000,3,0.235792
98,3000,4,0.469887
98,3000,5,0.515684
98,3000,6,0.557636
98,3200,1,0.336899
98,3200,2,0.211553
98,3200,3,0.234806
98,3200,4,0.225842
98,3200,5,0.237594
98,3200,6,0.249190
98,3400,1,0.292453
98,3400,2,0.259858
98,3400,3,0.237687
98,3400,4,0.420590
98,3400,5,0.571434
98,3400,6,0.367598
98,3600,1,0.504034
98,3600,2,0.605316
98,3600,3,0.309272
98,3600,4,0.294771
98,3600,5,0.116214
98,3600,6,0.138430
98,3800,1,0.232487
98,3800,2,0.299032
98,3800,3,0.294827
98,3800,4,0.801977
98,3800,5,0.136483
98,3800,6,0.594795
98,4000,1,0.214559
98,4000,2,0.373597
98,4000,3,0.293339
98,4000,4,0.274761
98,4000,5,0.113094
98,4000,6,0.496850
98,4200,1,0.201706
98,4200,2,0.561867
98,4200,3,0.364211
98,4200,4,0.274362
98,4200,5,0.338572
98,4200,6,0.262974
98,4400,1,0.255360
98,4400,2,0.462470
98,4400,3,0.529852
98,4400,4,0.183902
98,4400,5,0.576821
98,4400,6,0.132708
98,4600,1,0.291995
98,4600,2,0.531546
98,4600,3,0.223826
98,4600,4,0.299790
98,4600,5,0.629860
98,4600,6,0.222120
98,4800,1,0.222982
98,4800,2,0.409734
98,4800,3,0.254058
98,4800,4,0.539922
98,4800,5,0.513854
98,4800,6,0.476131
98,5000,1,0.514410
98,5000,2,0.482672
98,5000,3,0.286931
98,5000,4,0.133344
98,5000,5,0.520942
98,5000,6,0.555240
98,5200,1,0.518028
98,5200,2,0.273766
98,5200,3,0.264590
98,5200,4,0.545109
98,5200,5,0.248826
98,5200,6,0.451899
98,5400,1,0.388101
98,5400,2,0.627968
98,5400,3,0.458498
98,5400,4,0.498231
98,5400,5,0.609943
98,5400,6,0.441502
98,5600,1,0.230318
98,5600,2,0.290117
98,5600,3,0.555893
98,5600,4,0.442322
98,5600,5,0.310469
98,5600,6,0.470580
98,5800,1,0.459592
98,5800,2,0.312192
98,5800,3,0.244560
98,5800,4,0.467524
98,5800,5,0.101951
98,5800,6,0.448110
98,6000,1,0.500214
98,6000,2,0.396982
98,6000,3,0.318248
98,6000,4,0.346815
98,6000,5,0.233471
98,6000,6,0.340724
98,6200,1,0.437524
98,6200,2,0.351164
98,6200,3,0.559531
98,6200,4,0.582061
98,6200,5,0.842534
98,6200,6,0.522973
98,6400,1,0.400107
98,6400,2,0.513466
98,6400,3,0.568096
98,6400,4,0.595235
98,6400,5,0.386110
98,6400,6,0.499511
98,6600,1,0.464455
98,6600,2,0.381981
98,6600,3,0.380957
98,6600,4,0.325512
98,6600,5,0.285871
98,6600,6,0.324058
98,6800,1,0.178360
98,6800,2,0.485979
98,6800,3,0.357908
98,6800,4,0.564159
98,6800,5,0.117871
98,6800,6,0.212061
98,7000,1,0.464396
98,7000,2,0.546167
98,7000,3,0.588890
98,7000,4,0.337327
98,7000,5,0.567206
98,7000,6,0.492202
98,7200,1,0.644177
98,7200,2,0.262254
98,7200,3,0.167287
98,7200,4,0.231923
98,7200,5,0.148534
98,7200,6,0.414607
98,7400,1,0.479682
98,7400,2,0.699648
98,7400,3,0.298872
98,7400,4,0.619055
98,7400,5,0.465765
98,7400,6,0.240429
98,7600,1,0.550334
98,7600,2,0.483087
98,7600,3,0.729192
98,7600,4,0.523898
98,7600,5,0.422982
98,7600,6,0.569489
98,7800,1,0.703944
98,7800,2,0.345573
98,7800,3,0.512069
98,7800,4,0.550358
98,7800,5,0.389038
98,7800,6,0.255250
98,8000,1,0.448843
98,8000,2,0.174285
98,8000,3,0.364945
98,8000,4,0.282179
98,8000,5,0.498019
98,8000,6,0.523502
98,8200,1,0.318382
98,8200,2,0.125314
98,8200,3,0.533189
98,8200,4,0.218387
98,8200,5,0.592828
98,8200,6,0.338628
98,8400,1,0.607282
98,8400,2,0.238978
98,8400,3,0.531209
98,8400,4,0.286007
98,8400,5,0.264585
98,8400,6,0.705631
98,8600,1,0.441431
98,8600,2,0.145072
98,8600,3,0.209395
98,8600,4,0.616078
98,8600,5,0.606358
98,8600,6,0.477647
98,8800,1,0.606820
98,8800,2,0.240104
98,8800,3,0.311987
98,8800,4,0.445590
98,8800,5,0.427211
98,8800,6,0.457706
98,9000,1,0.427990
98,9000,2,0.210494
98,9000,3,0.581579
98,9000,4,0.567947
98,9000,5,0.179596
98,9000,6,0.495500
98,9200,1,0.231461
98,9200,2,0.210687
98,9200,3,0.230888
98,9200,4,0.405826
98,9200,5,0.641215
98,9200,6,0.130431
98,9400,1,0.282738
98,9400,2,0.275354
98,9400,3,0.459543
98,9400,4,0.343525
98,9400,5,0.592501
98,9400,6,0.401518
98,9600,1,0.390609
98,9600,2,0.383029
98,9600,3,0.503837
98,9600,4,0.315131
98,9600,5,0.678595
98,9600,6,0.542796
98,9800,1,0.708556
98,9800,2,0.449065
98,9800,3,0.539429
98,9800,4,0.474721
98,9800,5,0.551951
98,9800,6,0.262882
98,10000,1,0.198365
98,10000,2,0.220440
98,10000,3,0.360772
98,10000,4,0.349839
98,10000,5,0.428273
98,10000,6,0.421190
